department,carbon,csr_activities,compliance,audits,training,employee_participation,risk_level
IT,49.5,85.86,69.74,9.42,97.56,76.11,Low Risk
Sales,80.75,12.81,45.04,37.08,92.68,64.39,High Risk
HR,49.91,22.72,55.46,6.38,82.76,63.17,Medium Risk
Sales,78.23,35.45,97.07,89.31,77.84,19.46,Medium Risk
HR,13.94,15.43,68.3,74.48,96.75,32.58,Low Risk
Finance,43.34,46.96,18.95,12.99,47.57,22.69,High Risk
Finance,49.34,83.27,70.03,31.24,83.23,80.48,Low Risk
Operations,44.87,28.83,68.25,13.98,19.99,0.74,High Risk
Sales,69.84,70.52,78.07,45.89,56.87,13.98,Medium Risk
Sales,20.31,66.84,47.11,56.52,76.5,63.47,Low Risk
Finance,60.33,30.4,3.08,43.67,21.46,40.85,High Risk
Finance,86.81,23.39,5.83,28.14,29.36,66.19,High Risk
IT,80.55,66.43,40.64,81.4,16.7,2.27,High Risk
Finance,18.1,72.24,46.19,16.13,50.1,15.23,Low Risk
Finance,50.15,38.1,30.15,63.03,36.18,8.76,High Risk
Operations,20.62,96.19,90.86,69.97,26.59,96.92,Low Risk
Manufacturing,74.52,44.94,27.22,9.64,90.26,45.58,High Risk
Sales,28.21,30.6,57.92,17.68,85.66,75.85,Low Risk
Finance,48.89,62.73,58.41,64.98,8.44,41.58,Medium Risk
Sales,13.75,49.4,32.99,14.45,10.34,58.76,Medium Risk
Sales,93.26,58.11,34.69,59.09,2.28,95.86,High Risk
Manufacturing,53.41,78.27,8.27,48.67,49.07,93.78,Medium Risk
Manufacturing,52.61,26.7,33.16,52.07,43.89,2.16,High Risk
Operations,84.37,89.62,14.02,55.4,10.86,67.22,High Risk
IT,69.35,72.7,76.86,10.77,91.6,23.02,Medium Risk
Manufacturing,13.37,55.49,37.09,82.98,80.83,31.71,Low Risk
Manufacturing,36.18,51.51,25.6,93.6,16.46,4.49,Medium Risk
R&D,49.16,99.24,89.17,74.86,89.08,89.34,Low Risk
IT,38.43,77.2,66.17,37.37,9.45,74.68,Low Risk
Finance,33.62,93.68,24.1,12.28,83.11,15.33,Low Risk
Sales,63.94,87.46,19.64,31.03,77.74,97.18,Medium Risk
Manufacturing,55.07,14.39,1.39,22.97,13.18,67.77,High Risk
R&D,55.57,69.43,58.11,19.98,80.41,71.54,Medium Risk
IT,76.51,13.11,12.38,92.76,39.76,30.09,High Risk
IT,69.66,95.56,28.64,92.48,2.49,55.52,Medium Risk
Finance,67.06,10.59,14.03,41.91,96.62,59.6,High Risk
Manufacturing,82.39,46.74,78.48,1.78,10.91,82.94,High Risk
R&D,81.71,23.26,53.08,60.6,86.77,60.31,High Risk
HR,43.68,42.59,65.19,86.75,45.39,24.78,Low Risk
HR,31.3,74.6,81.66,10.53,6.66,59.44,Low Risk
HR,84.22,31.03,14.39,92.1,16.55,28.47,High Risk
Manufacturing,23.83,11.55,2.11,5.54,17.46,5.34,High Risk
Finance,71.26,39.36,31.8,50.45,87.5,85.11,High Risk
Operations,13.91,18.15,23.67,24.94,57.12,41.63,Medium Risk
Manufacturing,43.63,52.38,10.17,83.35,5.2,92.48,Medium Risk
IT,18.92,84.36,90.27,97.96,80.2,77.95,Low Risk
Operations,80.11,13.46,53.61,51.42,85.76,46.28,High Risk
Operations,44.66,63.96,26.65,13.98,47.79,41.69,Medium Risk
Operations,43.08,36.64,32.75,37.95,68.57,29.69,Medium Risk
Manufacturing,95.4,91.63,48.09,32.84,53.54,84.86,Medium Risk
Finance,82.4,53.27,63.29,28.82,73.49,20.24,High Risk
Operations,72.53,86.07,13.21,61.44,9.51,72.57,High Risk
Operations,94.23,13.74,95.89,80.09,59.37,78.26,High Risk
IT,81.56,94.6,25.34,59.01,9.5,61.62,High Risk
Manufacturing,60.85,57.24,46.6,52.26,76.39,79.92,Medium Risk
Manufacturing,54.29,59.96,93.12,11.97,11.71,8.77,Medium Risk
Finance,47.67,77.43,67.12,33.36,89.84,76.25,Low Risk
Operations,34.35,36.42,31.44,15.76,14.78,93.61,Medium Risk
Finance,44.5,72.97,55.3,93.61,78.03,47.94,Low Risk
Finance,43.87,98.66,71.78,95.12,11.85,85.05,Low Risk
R&D,20.97,58.83,68.61,1.23,45.43,82.54,Low Risk
Operations,36.58,45.85,44.23,30.19,91.84,78.13,Low Risk
Finance,99.73,87.92,28.39,83.69,10.64,99.91,High Risk
IT,69.91,65.01,9.04,89.7,2.9,24.08,High Risk
Finance,79.91,19.82,91.06,65.63,3.62,0.54,High Risk
Manufacturing,14.65,60.59,80.15,23.86,84.94,5.72,Low Risk
Operations,93.5,77.21,69.81,83.8,4.02,20.18,High Risk
Sales,21.24,50.45,74.52,63.0,85.11,15.52,Low Risk
Sales,27.37,27.08,70.99,98.02,61.15,5.45,Low Risk
Sales,65.47,4.24,88.41,70.96,17.31,9.17,High Risk
Sales,98.2,45.86,78.41,63.64,57.24,14.51,High Risk
Manufacturing,95.14,30.13,57.8,69.98,64.92,94.06,High Risk
Manufacturing,55.75,40.4,47.42,11.92,13.41,27.81,High Risk
Manufacturing,37.42,42.79,61.1,63.46,41.18,40.88,Low Risk
Sales,62.95,31.7,3.61,41.84,47.41,22.56,High Risk
Manufacturing,61.52,56.58,70.2,64.79,65.24,31.62,Medium Risk
Manufacturing,59.42,43.14,62.6,36.07,51.27,73.67,Medium Risk
Sales,89.78,92.11,50.36,52.03,79.99,31.45,Medium Risk
Finance,54.47,11.59,7.21,84.2,5.56,28.06,High Risk
Sales,40.07,17.3,31.39,74.27,1.47,82.72,Medium Risk
Operations,43.5,15.36,60.08,11.97,36.49,95.84,Medium Risk
Sales,99.59,77.21,31.1,68.77,70.54,38.78,High Risk
R&D,10.97,20.91,52.51,16.38,16.59,83.63,Low Risk
Operations,99.02,55.6,83.91,99.03,14.16,44.82,High Risk
Sales,17.2,75.53,43.38,46.93,15.07,18.09,Low Risk
HR,91.64,4.46,23.29,29.21,49.02,58.64,High Risk
Sales,17.57,24.37,84.36,63.76,64.91,67.02,Low Risk
Finance,78.66,5.81,36.66,53.95,33.85,84.45,High Risk
HR,79.18,85.2,50.48,90.96,58.71,85.03,Medium Risk
Finance,40.65,49.88,53.14,10.5,39.86,91.73,Medium Risk
Operations,25.98,33.89,19.16,2.48,92.75,44.82,Medium Risk
Operations,37.68,59.85,0.73,27.8,70.3,63.38,Medium Risk
Operations,65.83,47.75,76.14,90.33,72.07,96.32,Low Risk
R&D,80.38,86.68,11.41,73.24,44.01,55.31,High Risk
R&D,97.28,98.46,28.82,73.38,75.0,34.65,High Risk
Operations,21.15,4.09,77.73,48.97,98.55,46.5,Low Risk
HR,47.04,79.37,8.48,55.55,80.21,92.47,Medium Risk
R&D,84.03,3.7,37.27,4.87,10.93,67.53,High Risk
Sales,79.63,86.55,73.94,80.09,4.9,23.45,Medium Risk
Operations,65.97,85.81,0.45,51.46,67.73,2.96,High Risk
Sales,90.61,67.16,23.77,85.28,34.8,85.33,High Risk
HR,36.9,59.03,39.69,27.48,88.66,18.76,Medium Risk
Operations,40.77,71.76,80.74,99.87,29.64,40.79,Low Risk
IT,22.31,57.49,99.76,70.09,59.52,39.24,Low Risk
Finance,54.72,13.44,36.54,6.72,20.2,1.77,High Risk
R&D,50.8,63.45,34.33,42.04,95.92,75.2,Medium Risk
Finance,35.61,89.7,23.51,32.53,90.91,52.95,Low Risk
Finance,76.81,59.07,65.34,29.94,24.14,32.25,High Risk
Manufacturing,88.69,28.32,56.15,79.2,78.38,43.84,High Risk
Manufacturing,52.86,99.47,67.46,81.46,90.26,78.76,Low Risk
Finance,60.6,10.19,65.29,95.53,51.27,43.3,Medium Risk
Manufacturing,13.23,95.98,10.3,4.11,24.61,6.55,Medium Risk
R&D,56.45,31.26,5.1,11.16,38.45,6.05,High Risk
Finance,72.84,20.7,30.21,39.41,41.66,0.17,High Risk
HR,87.65,0.12,50.82,48.95,33.31,43.13,High Risk
IT,80.25,84.12,26.03,32.25,24.25,47.99,High Risk
R&D,30.54,33.07,93.04,4.86,46.08,71.16,Low Risk
Operations,23.54,4.74,13.82,91.88,0.93,18.83,High Risk
Sales,19.96,62.01,24.16,56.92,59.02,84.94,Low Risk
IT,10.43,85.34,61.91,16.27,77.29,85.55,Low Risk
HR,92.69,45.45,60.34,98.46,36.15,81.32,High Risk
Manufacturing,38.66,79.92,60.07,21.64,41.4,31.76,Low Risk
Sales,12.69,34.65,1.9,16.55,72.52,70.81,Medium Risk
IT,76.47,31.72,89.0,59.38,12.6,14.37,High Risk
Operations,25.56,50.73,99.18,0.4,1.66,99.31,Low Risk
Operations,62.62,12.69,89.73,88.04,53.62,62.18,Medium Risk
Manufacturing,14.55,59.46,29.48,66.36,83.62,1.82,Low Risk
Manufacturing,63.61,23.13,87.39,25.37,61.08,55.35,Medium Risk
Finance,70.99,72.58,56.69,75.84,98.34,41.93,Medium Risk
HR,56.31,1.25,79.6,52.02,40.8,9.41,High Risk
Sales,45.55,68.26,14.94,96.15,17.84,19.95,Medium Risk
R&D,87.31,91.26,21.21,46.98,73.35,87.84,Medium Risk
Operations,56.53,74.17,73.11,78.3,56.99,10.46,Low Risk
HR,91.36,86.56,79.81,9.99,20.44,74.36,Medium Risk
Finance,98.13,37.71,71.93,88.76,39.46,31.91,High Risk
IT,64.79,58.1,40.91,60.18,93.54,46.76,Medium Risk
IT,43.95,39.41,13.11,16.29,68.46,33.95,High Risk
Manufacturing,95.94,24.36,9.89,75.35,88.1,27.81,High Risk
Finance,26.72,52.2,46.84,25.94,4.52,48.15,Medium Risk
Manufacturing,96.34,65.25,49.55,11.07,25.24,29.48,High Risk
HR,88.9,90.16,98.46,98.24,95.3,7.18,Low Risk
Sales,22.4,30.45,55.29,9.7,84.58,61.68,Low Risk
HR,24.88,25.33,16.03,85.19,58.42,73.51,Medium Risk
Finance,36.64,37.13,40.49,76.0,77.24,20.68,Medium Risk
Operations,20.86,89.61,10.04,26.45,84.65,17.95,Low Risk
R&D,47.22,44.99,24.53,71.02,85.13,87.46,Medium Risk
Sales,57.78,24.84,24.48,16.13,94.0,88.8,High Risk
HR,79.96,51.77,49.06,52.97,53.66,43.46,High Risk
HR,21.31,95.22,48.2,95.32,16.36,55.44,Low Risk
IT,28.69,25.32,3.01,11.9,91.68,32.15,High Risk
R&D,51.85,40.05,53.19,18.72,98.86,81.83,Medium Risk
Operations,76.75,46.88,15.29,92.07,34.14,5.01,High Risk
R&D,81.5,62.27,75.08,79.36,21.2,92.38,Medium Risk
HR,49.42,63.9,0.23,99.34,28.09,6.21,Medium Risk
HR,21.61,15.23,63.23,39.29,92.19,31.92,Low Risk
Finance,75.36,46.11,66.0,59.97,47.28,95.01,Medium Risk
Finance,25.95,67.81,84.6,4.03,44.96,89.25,Low Risk
HR,77.47,99.18,53.14,66.0,30.25,94.75,Medium Risk
Sales,76.47,40.31,56.18,71.98,50.89,90.71,Medium Risk
HR,47.74,64.71,34.24,40.82,44.01,12.58,Medium Risk
Sales,70.07,65.55,66.29,1.98,32.65,19.78,High Risk
IT,80.03,86.06,24.67,66.78,12.94,27.52,High Risk
Sales,35.52,67.47,91.03,20.25,54.21,70.14,Low Risk
IT,95.76,61.01,25.51,62.55,32.05,97.61,High Risk
Finance,71.69,2.32,40.01,87.51,61.02,44.39,High Risk
HR,94.23,85.4,32.22,54.45,48.98,63.22,High Risk
Sales,31.98,91.27,92.39,84.33,97.82,74.5,Low Risk
HR,78.82,76.26,48.06,45.65,24.02,64.48,Medium Risk
Operations,33.2,58.6,41.0,21.89,81.61,86.06,Low Risk
HR,25.09,0.75,33.61,79.75,83.92,13.83,Medium Risk
Operations,20.41,39.01,99.86,19.26,15.4,42.28,Low Risk
Sales,65.77,93.29,98.08,6.96,13.8,79.07,Low Risk
Manufacturing,89.64,66.35,11.18,83.25,17.64,42.35,High Risk
Manufacturing,59.7,50.08,68.62,65.27,99.2,99.94,Low Risk
IT,18.57,72.78,97.67,31.83,46.12,42.48,Low Risk
Finance,14.63,67.23,35.33,78.75,83.21,82.12,Low Risk
R&D,38.94,74.88,80.14,49.13,89.3,14.39,Low Risk
HR,89.12,9.61,15.35,53.38,6.75,5.28,High Risk
Manufacturing,49.27,77.46,3.48,65.23,82.31,16.8,Medium Risk
IT,23.22,86.08,82.31,53.89,81.92,9.28,Low Risk
HR,76.4,25.75,75.23,50.42,75.03,46.47,High Risk
HR,43.11,21.92,20.84,75.15,11.89,8.6,High Risk
HR,25.78,82.31,39.85,99.04,13.72,65.35,Low Risk
Manufacturing,50.39,39.29,87.51,97.56,87.29,19.23,Low Risk
Operations,69.05,28.91,73.47,56.64,55.09,82.85,Medium Risk
Manufacturing,73.95,2.66,4.95,60.16,48.62,26.02,High Risk
HR,78.21,82.66,56.12,38.54,27.07,52.19,Medium Risk
HR,38.33,56.41,67.67,6.61,0.11,21.23,Medium Risk
Operations,68.17,17.2,89.03,47.0,47.61,93.55,Medium Risk
R&D,15.35,21.52,58.58,19.55,67.95,21.41,Medium Risk
R&D,28.63,42.27,17.61,13.47,86.03,32.04,Medium Risk
IT,42.47,5.53,35.74,26.48,61.05,20.54,High Risk
Sales,93.67,9.98,10.74,11.53,61.96,12.2,High Risk
R&D,86.71,75.43,81.98,52.61,99.67,4.42,Medium Risk
Manufacturing,39.15,94.86,57.69,80.62,17.03,97.86,Low Risk
HR,54.88,49.37,97.09,38.07,39.75,58.48,Low Risk
Finance,38.9,19.32,10.33,86.61,58.93,35.87,Medium Risk
IT,46.78,43.15,63.31,92.68,93.28,39.15,Low Risk
Sales,50.59,56.79,46.18,65.88,55.44,32.07,Medium Risk
HR,41.12,37.86,9.46,16.61,72.31,38.91,High Risk
R&D,60.64,75.55,25.74,82.68,92.75,59.74,Medium Risk
Manufacturing,70.21,5.26,94.55,39.25,92.39,57.9,Medium Risk
R&D,13.47,68.04,56.27,2.65,74.35,85.21,Low Risk
IT,54.68,46.58,0.55,78.66,33.07,87.88,High Risk
R&D,60.86,27.03,16.06,77.49,49.66,53.65,High Risk
HR,96.89,96.36,85.56,18.76,59.43,87.81,Medium Risk
Operations,19.1,81.1,48.18,56.44,98.21,60.72,Low Risk
HR,48.25,37.0,41.76,11.84,79.48,83.77,Medium Risk
IT,37.34,87.43,2.4,52.05,46.37,69.01,Medium Risk
Manufacturing,24.71,66.83,37.67,61.87,4.01,46.17,Low Risk
R&D,29.29,13.96,18.85,34.41,9.68,94.73,High Risk
Finance,46.45,80.9,97.44,8.07,65.17,87.14,Low Risk
R&D,48.61,43.11,3.59,53.46,99.35,95.87,Medium Risk
Operations,13.64,70.58,30.18,90.3,4.51,93.59,Low Risk
Sales,20.58,5.98,83.47,15.58,53.49,91.57,Low Risk
Sales,61.07,39.72,44.5,6.31,96.88,31.07,High Risk
Sales,35.74,96.44,9.43,86.73,70.78,83.0,Low Risk
Manufacturing,97.83,84.22,94.34,12.69,79.58,54.57,Medium Risk
HR,90.9,97.18,70.48,48.29,45.64,38.63,Medium Risk
Finance,42.54,39.15,8.98,7.74,77.99,44.61,High Risk
Manufacturing,65.1,3.52,15.75,20.58,97.57,21.87,High Risk
R&D,56.42,93.62,97.72,23.64,4.91,15.36,Low Risk
R&D,27.56,56.86,91.24,53.72,62.6,20.19,Low Risk
IT,82.05,61.78,86.41,94.88,34.79,9.06,Medium Risk
Finance,49.41,94.57,37.83,77.08,54.05,18.28,Low Risk
Manufacturing,38.87,65.32,67.29,43.48,22.86,72.19,Low Risk
R&D,94.3,18.79,10.73,49.76,51.95,50.82,High Risk
Manufacturing,49.3,99.48,48.63,47.79,42.18,6.68,Low Risk
Sales,30.52,63.76,5.08,98.14,46.9,89.68,Low Risk
Operations,52.8,6.03,82.22,64.82,78.18,42.82,Medium Risk
Finance,87.06,63.11,34.77,66.25,67.19,96.06,Medium Risk
Operations,43.38,42.51,81.21,50.58,73.66,45.97,Low Risk
Finance,77.07,13.12,19.86,62.68,74.73,89.47,High Risk
Manufacturing,34.53,11.07,95.6,15.44,19.77,29.13,Medium Risk
HR,89.45,76.05,70.82,17.52,35.77,47.84,High Risk
Finance,23.27,27.34,30.83,12.73,55.02,70.5,Medium Risk
Manufacturing,53.3,78.22,74.8,81.51,44.82,82.06,Low Risk
IT,31.67,36.08,17.64,46.75,39.21,24.09,Medium Risk
R&D,38.25,27.28,13.09,43.88,30.3,36.93,High Risk
Sales,31.24,76.32,93.0,49.79,64.3,86.72,Low Risk
Operations,65.22,88.98,90.86,79.15,46.09,8.12,Low Risk
R&D,11.42,47.72,49.43,40.74,56.82,55.22,Low Risk
Operations,19.78,22.52,79.3,84.78,99.48,87.29,Low Risk
Sales,90.09,31.43,40.17,26.81,60.63,93.88,High Risk
Finance,60.13,29.63,16.98,19.52,5.79,94.93,High Risk
HR,46.26,83.41,68.13,19.19,17.55,81.2,Low Risk
R&D,92.2,14.01,67.77,81.45,23.53,27.62,High Risk
Manufacturing,96.81,26.46,43.0,43.25,25.3,77.58,High Risk
Operations,44.05,83.51,21.31,0.43,57.12,99.41,Medium Risk
Sales,13.48,20.8,51.89,80.99,8.9,39.52,Low Risk
HR,43.44,18.88,19.55,41.0,47.94,86.18,High Risk
Sales,67.8,69.04,98.3,41.18,40.34,92.33,Low Risk
IT,75.68,75.46,9.78,46.82,20.06,18.54,High Risk
Manufacturing,51.74,28.94,79.61,90.76,80.27,26.6,Low Risk
Operations,32.93,13.5,94.38,40.2,22.47,84.67,Low Risk
Manufacturing,45.93,3.51,16.19,63.93,78.29,21.09,High Risk
HR,86.59,84.84,22.77,5.05,86.74,30.58,High Risk
R&D,65.7,76.0,12.83,78.08,93.85,72.84,Medium Risk
R&D,88.9,52.75,74.48,82.05,74.94,28.79,Medium Risk
Finance,20.61,23.83,50.29,50.53,58.26,39.51,Low Risk
Sales,92.18,24.67,73.65,67.8,52.31,18.85,High Risk
Sales,81.57,96.06,72.18,91.79,98.42,35.21,Low Risk
HR,52.65,98.66,9.38,41.24,87.55,28.41,Medium Risk
Operations,80.9,38.28,98.0,88.35,30.13,77.02,Medium Risk
Manufacturing,64.57,65.85,82.96,2.45,22.02,71.19,Medium Risk
HR,60.72,49.56,5.52,34.83,86.51,3.09,High Risk
Sales,95.06,5.09,74.97,25.76,86.66,74.61,High Risk
HR,89.71,21.59,53.13,77.93,24.57,23.07,High Risk
HR,96.27,71.0,63.56,74.4,53.16,47.61,Medium Risk
IT,50.46,64.04,20.15,88.81,81.18,34.96,Medium Risk
R&D,22.69,97.23,90.29,92.19,33.22,16.91,Low Risk
Operations,29.06,9.0,12.01,7.13,98.98,7.41,High Risk
IT,84.45,58.02,77.44,63.09,88.22,63.85,Medium Risk
IT,56.99,71.27,44.74,34.61,46.77,16.97,Medium Risk
HR,33.46,15.35,24.64,84.21,33.02,68.6,Medium Risk
Sales,87.08,7.77,76.5,30.77,21.66,68.89,High Risk
Operations,36.55,56.88,28.98,55.43,62.19,61.03,Medium Risk
R&D,66.12,13.51,69.35,67.48,68.26,7.41,High Risk
Sales,46.81,8.67,22.24,44.1,74.29,23.71,High Risk
Finance,84.68,54.58,76.04,47.26,49.92,61.97,Medium Risk
Sales,54.26,52.87,60.2,73.75,7.19,51.57,Medium Risk
R&D,53.34,92.17,49.35,46.83,96.22,45.06,Low Risk
Operations,29.52,9.52,0.06,43.19,76.92,73.35,High Risk
Manufacturing,12.89,57.0,15.43,94.11,16.74,62.66,Low Risk
Manufacturing,67.74,41.23,75.96,23.07,90.58,50.02,Medium Risk
HR,78.05,84.97,99.88,22.39,28.69,25.04,Medium Risk
Operations,62.42,99.35,99.03,52.68,63.9,86.0,Low Risk
Manufacturing,93.96,20.39,52.85,83.28,30.32,43.98,High Risk
Manufacturing,98.65,90.61,79.84,26.91,32.09,54.73,Medium Risk
R&D,60.47,50.55,63.67,40.83,74.92,33.35,Medium Risk
HR,21.45,18.87,85.05,44.63,22.79,75.93,Low Risk
HR,59.86,2.12,31.64,17.7,65.59,27.5,High Risk
Operations,14.94,58.17,2.17,84.88,15.54,60.66,Low Risk
IT,50.02,44.29,7.18,80.28,89.31,1.1,High Risk
Finance,91.35,54.95,15.0,20.28,66.0,72.48,High Risk
Manufacturing,63.95,95.31,49.41,30.03,47.72,35.97,Medium Risk
Sales,14.14,35.22,71.14,1.84,43.92,64.4,Low Risk
Manufacturing,64.94,77.66,81.05,71.17,10.28,47.5,Low Risk
Operations,32.1,4.26,22.36,45.49,41.39,17.67,High Risk
Operations,84.2,92.57,20.13,92.96,1.79,92.5,Medium Risk
Finance,11.08,76.3,97.02,90.59,97.07,55.03,Low Risk
R&D,17.03,84.98,61.38,61.47,41.73,57.18,Low Risk
Finance,76.58,7.5,72.98,84.9,47.25,50.98,High Risk
Manufacturing,38.1,96.95,73.31,36.9,17.48,21.96,Low Risk
Sales,94.83,73.41,21.52,85.96,37.82,85.17,High Risk
Finance,31.75,61.87,92.67,25.79,69.29,98.73,Low Risk
Finance,17.96,67.42,33.97,7.12,47.53,75.38,Low Risk
Manufacturing,35.66,33.5,84.57,52.01,84.27,44.64,Low Risk
Sales,68.57,11.59,88.51,48.93,14.16,15.27,High Risk
R&D,71.88,4.74,28.66,13.98,44.11,41.44,High Risk
Finance,35.17,3.2,61.44,37.37,65.13,10.87,Medium Risk
Finance,11.24,24.83,45.65,39.41,81.03,37.78,Low Risk
Sales,63.42,2.18,51.51,34.48,42.13,10.03,High Risk
Finance,80.45,94.24,2.23,60.14,76.38,28.48,High Risk
Sales,66.91,92.92,98.1,4.23,44.49,54.7,Low Risk
Sales,23.21,33.63,98.76,1.62,45.25,84.27,Low Risk
Finance,53.18,97.8,47.49,13.09,5.17,94.54,Medium Risk
HR,33.92,50.41,9.07,42.37,93.01,50.24,Medium Risk
R&D,33.3,50.45,85.95,44.83,27.95,85.55,Low Risk
R&D,45.09,53.07,97.65,18.65,30.14,3.11,Medium Risk
HR,28.02,68.0,18.13,67.48,26.35,35.52,Medium Risk
HR,41.4,71.68,46.65,36.13,85.26,57.2,Low Risk
Manufacturing,91.01,34.27,3.9,49.46,12.39,23.85,High Risk
Manufacturing,77.24,13.08,80.69,93.69,60.65,71.04,Medium Risk
HR,99.35,34.15,16.29,51.92,53.32,17.79,High Risk
Operations,65.18,1.41,92.77,26.46,3.96,10.82,High Risk
Sales,34.65,3.28,27.94,19.29,37.86,38.52,High Risk
Manufacturing,40.51,32.79,8.97,2.52,20.21,75.66,High Risk
Operations,93.57,50.42,53.18,31.46,77.39,76.48,High Risk
R&D,85.98,89.55,43.43,76.69,80.64,30.85,Medium Risk
IT,18.49,99.43,77.01,9.33,65.62,3.42,Low Risk
R&D,79.32,79.92,60.24,85.69,9.79,27.59,Medium Risk
R&D,13.82,44.82,26.52,39.27,42.51,87.94,Low Risk
HR,34.33,89.37,42.6,32.78,50.25,41.77,Low Risk
Finance,55.24,15.18,35.19,56.58,41.34,82.39,High Risk
Manufacturing,33.1,96.98,78.47,96.76,83.81,14.21,Low Risk
R&D,25.3,81.82,58.42,26.34,92.96,11.52,Low Risk
Finance,60.75,72.1,5.88,59.79,81.59,6.75,High Risk
Finance,33.27,66.29,11.87,93.71,89.47,18.6,Low Risk
Finance,39.09,58.76,71.81,44.27,15.63,10.42,Medium Risk
Sales,50.98,87.25,48.24,92.24,8.78,11.4,Low Risk
R&D,93.67,94.75,31.47,35.52,45.25,41.62,High Risk
HR,90.85,25.33,70.53,6.72,3.88,65.37,High Risk
Manufacturing,40.51,65.55,9.4,94.99,74.85,87.63,Low Risk
Finance,38.81,36.83,53.72,29.69,6.06,36.89,Medium Risk
IT,32.91,38.59,19.7,26.19,62.7,38.82,Medium Risk
Manufacturing,58.05,77.19,37.89,58.75,96.62,52.2,Low Risk
HR,91.88,79.37,5.87,42.91,69.83,98.67,High Risk
Sales,18.35,56.2,12.66,75.15,50.77,72.34,Low Risk
Finance,88.24,62.89,61.24,75.46,84.25,86.91,Medium Risk
IT,60.06,21.63,86.03,64.84,42.02,18.81,Medium Risk
IT,40.51,70.38,20.44,9.36,88.8,76.42,Medium Risk
IT,36.31,97.21,70.82,61.05,30.76,29.91,Low Risk
Manufacturing,13.56,72.85,4.32,0.49,72.95,94.89,Low Risk
HR,52.45,48.6,43.61,32.46,52.17,43.12,Medium Risk
Sales,63.84,89.81,99.5,7.87,38.47,18.07,Low Risk
Sales,35.87,17.45,76.41,49.63,91.92,3.26,Medium Risk
HR,16.03,40.33,8.03,26.27,98.6,20.9,Medium Risk
IT,61.63,49.8,58.04,37.67,82.68,13.86,Medium Risk
Manufacturing,48.56,68.98,86.82,36.96,56.77,6.91,Low Risk
HR,16.22,72.79,28.81,72.37,6.64,86.25,Low Risk
Manufacturing,85.2,8.89,2.38,5.63,85.36,23.47,High Risk
Finance,48.36,79.55,48.89,50.07,98.91,15.01,Low Risk
Finance,84.76,5.17,47.76,88.63,66.52,68.52,High Risk
Sales,47.67,36.66,52.14,46.22,32.69,30.55,Medium Risk
Manufacturing,32.58,36.5,14.99,87.21,60.21,13.38,Medium Risk
Finance,86.29,23.75,15.06,0.86,4.73,76.23,High Risk
Operations,98.85,4.49,74.81,7.19,59.21,75.61,High Risk
Sales,10.98,59.52,99.12,25.76,18.95,12.39,Low Risk
HR,59.97,59.64,79.23,75.31,89.25,80.58,Low Risk
Manufacturing,60.03,29.74,32.98,93.19,68.19,97.46,Medium Risk
Manufacturing,47.52,53.74,48.71,10.73,23.67,52.76,Medium Risk
IT,93.83,12.38,19.8,76.53,9.69,90.03,High Risk
IT,75.31,6.86,69.18,63.16,75.73,82.82,High Risk
R&D,62.76,32.25,69.73,95.7,58.75,66.43,Medium Risk
Sales,49.34,75.61,99.77,16.04,20.24,53.94,Low Risk
HR,61.44,4.91,40.43,58.3,58.52,65.73,High Risk
Finance,74.82,64.15,79.02,62.48,53.75,60.62,Medium Risk
Sales,34.58,52.74,87.3,67.91,9.04,59.23,Low Risk
IT,29.96,73.4,82.74,59.35,59.14,33.86,Low Risk
Sales,87.77,72.33,51.98,36.82,5.04,14.3,High Risk
Finance,27.37,37.34,94.41,50.52,23.48,10.58,Low Risk
Manufacturing,83.42,38.33,77.25,80.27,11.08,60.87,High Risk
HR,96.32,40.21,5.09,92.33,88.37,52.21,High Risk
R&D,29.06,81.95,49.86,3.39,68.3,95.05,Low Risk
Finance,84.62,27.72,5.33,94.04,93.71,53.24,High Risk
Sales,51.63,41.98,11.94,9.68,23.27,83.66,High Risk
Operations,23.12,22.67,54.86,21.51,16.32,56.33,Medium Risk
Sales,66.35,91.22,15.1,91.34,90.25,82.91,Low Risk
HR,66.82,62.01,63.92,69.05,1.65,95.81,Medium Risk
R&D,80.33,37.73,1.24,50.97,50.72,43.7,High Risk
Operations,40.57,24.98,52.75,37.53,96.99,17.29,Medium Risk
Operations,36.46,54.33,49.93,64.37,95.0,28.52,Low Risk
HR,72.35,2.5,26.24,46.37,3.1,61.77,High Risk
Operations,77.21,51.66,60.39,39.61,4.13,10.0,High Risk
Operations,68.95,99.56,1.58,55.76,75.1,82.68,Medium Risk
HR,65.79,69.67,85.9,12.23,92.62,2.6,Medium Risk
Finance,85.26,7.67,19.46,0.39,44.53,33.44,High Risk
Manufacturing,50.6,40.24,76.77,89.31,65.26,12.44,Low Risk
Manufacturing,36.59,91.33,8.87,40.69,94.25,95.07,Low Risk
Finance,70.07,45.67,75.35,3.16,14.42,61.42,High Risk
HR,30.93,66.61,35.12,88.66,81.93,49.28,Low Risk
HR,34.4,49.43,19.75,86.09,82.31,90.21,Low Risk
Sales,88.97,95.96,22.83,93.18,57.12,42.25,Medium Risk
Operations,40.83,28.86,24.13,8.24,49.66,88.78,High Risk
Finance,66.71,52.1,42.86,46.44,20.93,82.29,Medium Risk
HR,74.5,76.0,57.49,86.29,29.11,88.16,Medium Risk
Manufacturing,75.65,79.87,66.46,84.63,99.31,42.02,Low Risk
Manufacturing,77.01,45.29,92.69,39.44,56.55,10.59,Medium Risk
Sales,30.32,84.07,39.66,39.41,24.6,49.16,Low Risk
Finance,90.56,7.01,57.48,46.73,61.43,44.73,High Risk
Sales,45.88,47.19,58.2,50.1,47.21,81.78,Medium Risk
Operations,40.72,80.06,85.37,15.35,58.27,28.53,Low Risk
Sales,76.53,23.88,67.14,25.51,51.11,94.86,High Risk
HR,88.82,98.69,87.49,16.59,81.97,3.21,Medium Risk
HR,45.4,87.07,68.88,53.27,38.79,81.23,Low Risk
Finance,52.16,89.25,22.99,17.04,64.28,97.2,Medium Risk
Operations,32.25,24.97,13.95,86.06,22.64,50.32,Medium Risk
Finance,11.09,55.65,51.23,80.74,35.53,41.03,Low Risk
R&D,25.11,74.08,78.47,13.67,39.35,89.29,Low Risk
R&D,36.89,55.5,33.41,27.2,46.0,18.15,Medium Risk
IT,57.67,70.67,57.53,9.31,84.44,17.5,Medium Risk
Manufacturing,42.45,78.28,20.63,18.67,49.7,3.29,Medium Risk
Sales,30.28,72.4,83.74,8.08,88.21,79.75,Low Risk
R&D,72.86,67.42,52.51,65.28,91.91,10.05,Medium Risk
R&D,38.42,7.25,94.48,44.53,67.53,84.11,Low Risk
Sales,24.56,79.95,88.74,4.89,75.41,35.47,Low Risk
R&D,68.37,51.4,25.97,13.52,11.69,10.33,High Risk
IT,41.63,21.66,69.19,68.68,53.92,93.5,Low Risk
Operations,44.69,83.59,7.51,73.98,98.84,84.66,Low Risk
IT,66.41,35.33,67.95,77.04,99.82,49.25,Medium Risk
Operations,15.52,59.59,11.9,24.48,32.88,73.1,Medium Risk
Sales,24.92,4.5,87.32,69.35,3.99,2.83,Medium Risk
Manufacturing,60.28,28.25,59.67,43.46,92.33,28.78,Medium Risk
Operations,14.86,95.59,98.08,73.91,46.52,22.0,Low Risk
Operations,83.13,73.64,22.2,45.12,46.28,82.64,High Risk
Sales,67.89,64.98,27.05,37.17,4.57,78.69,High Risk
Operations,48.97,43.82,24.54,20.94,58.78,23.26,High Risk
Operations,79.08,37.65,38.02,43.13,81.5,32.08,High Risk
IT,78.22,93.95,66.09,43.17,74.78,45.79,Medium Risk
R&D,57.28,31.77,10.43,41.49,12.39,41.04,High Risk
HR,60.12,93.07,3.62,62.15,45.77,2.03,Medium Risk
Finance,20.66,21.68,27.46,40.13,52.9,0.1,Medium Risk
Manufacturing,24.57,9.36,54.97,32.91,54.84,22.18,Medium Risk
HR,94.72,10.83,12.69,14.65,98.13,61.77,High Risk
IT,64.93,98.67,8.84,97.45,20.4,62.31,Medium Risk
Finance,44.56,93.12,14.92,99.71,37.91,64.88,Low Risk
HR,97.11,5.76,92.29,56.78,70.44,14.92,High Risk
Finance,70.62,45.62,15.5,24.41,85.44,3.45,High Risk
Finance,73.8,99.94,0.75,16.1,67.41,6.0,High Risk
Manufacturing,71.56,58.81,36.52,69.73,59.43,20.76,High Risk
Operations,60.68,88.19,66.68,47.18,32.16,8.59,Medium Risk
R&D,11.01,98.66,22.25,81.49,16.86,28.36,Low Risk
Manufacturing,47.64,32.44,79.84,95.77,87.53,15.36,Low Risk
IT,23.32,91.34,51.79,33.64,15.7,1.18,Low Risk
Sales,32.32,91.4,79.73,96.98,10.08,59.22,Low Risk
IT,58.86,32.05,28.35,57.38,18.33,46.91,High Risk
Manufacturing,68.57,12.82,93.06,50.57,81.95,65.39,Medium Risk
Operations,74.45,87.51,61.36,27.82,9.95,60.63,Medium Risk
Operations,15.97,24.13,6.07,54.89,16.03,61.04,Medium Risk
Operations,83.97,30.95,54.9,56.3,47.29,65.51,High Risk
Sales,28.91,97.92,9.81,82.92,59.41,24.49,Low Risk
Manufacturing,17.6,77.44,59.0,11.08,7.95,75.08,Low Risk
Sales,36.36,88.93,76.21,69.82,27.86,70.89,Low Risk
Sales,18.24,32.62,23.47,39.33,74.23,47.42,Medium Risk
R&D,61.37,31.42,14.13,26.69,85.97,60.24,High Risk
Operations,81.09,6.45,25.39,23.01,98.54,70.61,High Risk
HR,65.6,0.5,18.43,63.55,37.97,92.43,High Risk
Operations,50.26,74.95,97.54,46.1,64.25,91.87,Low Risk
Sales,32.38,88.66,9.75,64.84,78.28,61.46,Low Risk
R&D,65.56,15.17,21.56,26.99,59.78,44.19,High Risk
Finance,32.0,88.28,37.39,44.6,40.97,18.19,Low Risk
Manufacturing,50.36,1.63,96.4,81.58,72.36,86.91,Low Risk
Sales,91.61,33.75,61.1,60.88,26.73,22.2,High Risk
Manufacturing,69.34,78.09,76.1,31.63,20.53,45.36,Medium Risk
IT,59.21,91.91,87.48,91.61,85.03,96.46,Low Risk
IT,14.27,8.36,39.03,25.77,16.99,95.32,Medium Risk
Finance,27.59,95.94,76.08,64.09,67.6,33.15,Low Risk
Operations,26.8,93.77,30.18,25.52,71.12,65.64,Low Risk
Operations,50.62,63.24,15.95,67.33,27.06,27.28,Medium Risk
Operations,39.91,33.13,45.42,19.04,19.3,54.17,Medium Risk
Manufacturing,21.6,68.89,94.39,42.68,90.11,9.83,Low Risk
Operations,74.92,76.1,84.31,5.68,77.69,37.65,Medium Risk
IT,37.3,17.3,99.6,6.37,82.7,63.95,Low Risk
IT,74.05,85.84,18.38,0.08,59.85,35.39,High Risk
Sales,21.14,18.61,33.17,7.02,5.69,91.6,Medium Risk
Finance,98.4,96.44,14.26,71.49,60.08,69.06,High Risk
HR,18.66,18.86,7.66,60.41,98.66,67.2,Medium Risk
Manufacturing,98.61,67.8,4.02,86.7,36.47,0.44,High Risk
Operations,55.65,93.7,25.73,49.15,17.38,5.77,Medium Risk
R&D,75.43,86.41,14.33,28.83,19.5,2.69,High Risk
IT,59.81,69.99,64.79,38.81,55.5,9.41,Medium Risk
Finance,93.86,76.15,92.27,91.67,64.94,92.82,Low Risk
Manufacturing,47.5,0.36,6.26,10.95,9.54,35.17,High Risk
Manufacturing,81.16,59.02,14.64,74.79,35.48,1.3,High Risk
Operations,35.25,33.06,27.42,81.19,75.99,69.56,Medium Risk
Manufacturing,82.71,67.72,19.48,64.81,48.35,43.94,High Risk
IT,20.09,51.83,9.99,16.43,13.25,95.41,Medium Risk
Manufacturing,41.97,32.21,89.83,56.3,91.92,29.99,Low Risk
Manufacturing,20.34,55.62,34.55,80.19,87.94,47.26,Low Risk
IT,59.77,27.09,48.9,3.73,80.4,10.14,High Risk
R&D,37.79,56.53,4.3,7.93,69.61,7.18,High Risk
IT,40.48,22.81,18.88,76.34,95.15,14.02,Medium Risk
Finance,96.37,59.48,64.17,70.99,70.41,81.98,Medium Risk
Manufacturing,58.0,32.38,10.53,66.46,3.36,27.56,High Risk
Finance,18.48,19.07,63.87,62.85,42.11,9.02,Low Risk
IT,41.75,72.05,57.9,49.16,48.7,96.63,Low Risk
Finance,78.07,49.7,47.92,2.65,94.25,31.92,High Risk
Finance,99.95,71.87,4.74,6.19,2.55,59.96,High Risk
Manufacturing,16.44,93.34,93.69,54.61,61.66,29.19,Low Risk
Finance,76.37,10.18,8.56,31.12,1.25,43.4,High Risk
IT,73.69,80.13,60.43,84.69,40.65,84.88,Low Risk
R&D,30.07,94.41,27.5,2.62,24.27,36.67,Medium Risk
Finance,41.62,52.47,88.31,29.23,52.08,34.01,Low Risk
Sales,24.18,10.35,50.3,67.19,79.55,58.96,Low Risk
Sales,79.65,39.27,3.29,11.61,3.87,32.89,High Risk
Manufacturing,42.07,56.06,48.06,67.79,66.7,31.81,Low Risk
Finance,41.16,58.51,59.64,31.47,33.03,69.4,Low Risk
HR,22.15,44.1,89.27,3.63,85.52,16.32,Low Risk
Operations,55.65,42.43,1.01,91.54,45.49,95.43,Medium Risk
IT,87.96,92.24,55.68,20.27,68.52,54.9,Medium Risk
HR,95.01,43.93,26.85,13.83,69.86,97.41,High Risk
Operations,76.64,92.69,7.48,11.02,69.2,64.8,High Risk
IT,16.19,83.44,52.34,90.72,87.8,81.25,Low Risk
HR,32.65,50.6,10.08,65.88,13.4,51.12,Medium Risk
Finance,14.89,29.95,23.21,62.0,78.68,5.73,Medium Risk
IT,87.47,34.23,65.9,40.26,15.42,52.87,High Risk
Sales,17.77,87.85,92.43,82.16,56.25,55.76,Low Risk
R&D,32.31,7.59,56.19,32.88,32.23,0.71,High Risk
R&D,63.66,26.4,18.79,4.04,36.44,87.9,High Risk
Manufacturing,71.12,75.65,32.81,82.16,69.19,55.92,Medium Risk
HR,10.09,3.51,99.09,78.23,93.76,90.23,Low Risk
IT,81.27,45.11,78.96,0.67,28.82,75.13,High Risk
IT,81.37,61.97,30.13,31.04,96.68,43.92,High Risk
Finance,59.71,40.95,55.27,43.23,82.67,90.91,Medium Risk
Finance,93.89,56.43,44.21,70.52,83.83,56.3,High Risk
Finance,77.48,67.64,74.61,20.86,49.84,58.83,Medium Risk
Operations,10.22,85.6,61.0,12.91,81.64,71.71,Low Risk
Sales,45.28,85.42,41.4,57.05,0.06,64.49,Low Risk
Sales,74.64,56.71,49.66,80.99,68.14,27.81,Medium Risk
Finance,73.65,98.79,97.13,91.89,75.54,60.94,Low Risk
R&D,25.5,54.34,76.54,52.09,86.82,10.97,Low Risk
Operations,55.54,43.23,10.86,15.35,83.76,48.44,High Risk
HR,14.39,1.65,47.35,16.44,70.51,79.53,Medium Risk
Operations,63.3,15.44,30.36,88.88,54.41,88.59,High Risk
Manufacturing,30.27,33.0,47.1,48.01,99.76,11.44,Medium Risk
Manufacturing,87.73,55.32,34.4,51.92,29.25,79.91,High Risk
Sales,54.85,92.58,62.27,51.43,71.11,50.39,Low Risk
IT,26.6,97.33,81.22,86.07,48.29,83.72,Low Risk
R&D,37.61,76.19,14.05,30.71,44.57,32.23,Medium Risk
Operations,83.81,25.67,74.53,7.37,76.57,79.2,High Risk
HR,46.15,72.25,91.51,80.07,39.04,48.42,Low Risk
Sales,36.33,80.39,32.81,80.6,8.68,4.44,Medium Risk
Sales,99.79,86.95,88.28,95.13,43.83,28.68,Medium Risk
Manufacturing,55.11,22.0,93.56,0.4,14.32,24.65,High Risk
IT,27.91,22.58,65.6,32.75,61.5,89.03,Low Risk
R&D,72.51,36.55,15.97,32.06,96.43,62.18,High Risk
Operations,34.98,45.09,83.55,66.84,56.07,88.52,Low Risk
Manufacturing,67.85,18.98,10.64,96.51,59.89,41.57,High Risk
Operations,63.01,6.18,82.21,21.66,80.45,53.44,High Risk
Operations,12.72,81.58,17.65,5.18,75.59,35.0,Low Risk
Manufacturing,45.04,24.71,85.92,29.73,21.02,30.92,Medium Risk
Finance,38.59,8.29,15.85,41.71,87.95,5.73,High Risk
Manufacturing,29.14,90.83,89.0,67.95,24.05,41.98,Low Risk
HR,21.57,38.0,57.58,35.99,61.08,29.63,Low Risk
Manufacturing,41.13,79.07,87.83,32.2,57.15,27.82,Low Risk
R&D,76.41,17.1,42.57,48.7,18.45,9.46,High Risk
IT,41.32,95.23,61.51,38.14,3.89,60.03,Low Risk
Operations,58.83,75.2,42.36,29.94,4.74,2.48,High Risk
IT,48.7,88.33,24.41,57.41,68.43,6.08,Medium Risk
IT,39.81,67.01,43.9,73.42,86.76,75.84,Low Risk
Manufacturing,99.3,75.44,85.22,83.24,73.03,80.18,Medium Risk
Sales,52.77,63.83,51.49,85.1,43.14,81.97,Low Risk
R&D,81.94,96.19,24.89,70.96,75.69,93.63,Medium Risk
Manufacturing,61.62,57.92,16.73,97.5,25.5,72.47,Medium Risk
R&D,81.62,44.12,21.12,18.9,85.65,51.08,High Risk
IT,74.53,25.02,87.64,30.96,20.03,8.49,High Risk
IT,56.04,45.07,75.13,46.46,34.38,26.17,Medium Risk
Manufacturing,93.51,16.51,98.82,32.69,8.84,24.87,High Risk
Manufacturing,15.26,79.0,51.26,33.7,66.2,63.06,Low Risk
Operations,96.51,68.07,81.78,79.24,49.13,70.45,Medium Risk
R&D,17.04,75.8,96.18,8.5,83.61,93.3,Low Risk
HR,57.23,92.79,96.02,12.79,34.9,69.81,Low Risk
Manufacturing,29.94,32.48,2.33,15.35,56.23,65.31,High Risk
Finance,80.05,41.53,27.35,1.56,20.66,31.24,High Risk
Operations,26.04,2.01,15.74,66.61,62.96,93.57,Medium Risk
Manufacturing,61.1,13.76,56.41,6.16,43.09,39.03,High Risk
Sales,48.5,27.98,68.58,84.09,76.85,62.78,Low Risk
IT,12.8,72.29,54.5,27.07,32.78,93.56,Low Risk
Finance,66.19,47.59,62.09,41.37,47.02,29.03,Medium Risk
IT,71.7,3.99,79.5,28.3,68.26,64.27,High Risk
Finance,68.74,60.81,95.91,50.83,73.23,70.54,Low Risk
Finance,35.5,42.4,27.77,36.67,39.1,60.39,Medium Risk
Manufacturing,29.79,80.43,43.75,70.62,8.14,47.0,Low Risk
Sales,70.83,34.37,94.93,32.41,56.38,25.74,Medium Risk
IT,65.81,46.7,37.06,20.37,11.15,11.99,High Risk
Operations,47.11,0.19,95.29,2.0,41.86,71.75,Medium Risk
R&D,92.31,71.29,46.36,97.44,3.93,98.69,Medium Risk
IT,93.6,25.48,14.25,66.33,51.59,52.32,High Risk
Sales,93.22,62.01,31.11,40.01,13.35,19.23,High Risk
Finance,82.93,70.49,53.03,37.44,66.85,81.29,Medium Risk
Manufacturing,89.31,54.7,81.99,51.13,47.45,86.54,Medium Risk
Manufacturing,45.63,30.49,51.87,54.49,66.05,43.05,Medium Risk
HR,29.61,86.68,34.6,92.29,20.74,56.01,Low Risk
Manufacturing,84.58,13.89,90.99,53.14,58.61,51.02,High Risk
Finance,13.24,49.71,26.35,34.27,64.91,49.77,Low Risk
Sales,16.57,18.57,19.09,60.83,17.78,88.17,Medium Risk
IT,28.88,9.11,87.57,29.53,42.54,95.9,Low Risk
Operations,74.34,6.89,59.33,98.91,94.69,10.6,High Risk
R&D,45.64,31.55,12.97,69.48,27.38,34.49,High Risk
HR,54.82,15.82,43.21,14.33,95.38,14.5,High Risk
IT,56.97,19.7,7.64,20.23,5.48,13.94,High Risk
Operations,68.66,8.73,44.1,58.12,23.42,37.21,High Risk
Finance,16.47,22.01,46.68,99.04,99.63,97.96,Low Risk
Finance,17.26,32.36,23.77,1.41,9.52,45.32,Medium Risk
HR,40.57,18.04,71.61,35.71,85.19,24.1,Medium Risk
HR,26.57,49.53,15.25,16.16,61.22,26.38,Medium Risk
Finance,25.51,92.98,4.3,56.51,54.83,25.06,Low Risk
Sales,17.9,72.13,22.17,19.34,31.49,90.24,Low Risk
Finance,81.68,94.69,65.2,66.29,48.0,90.52,Low Risk
HR,41.96,64.04,54.61,12.4,39.27,31.33,Medium Risk
Finance,86.22,37.88,82.16,44.24,75.35,13.53,High Risk
Operations,53.25,25.98,24.15,26.51,36.67,71.75,High Risk
R&D,95.46,66.9,54.72,44.86,82.82,84.97,Medium Risk
Manufacturing,95.81,39.51,80.01,96.68,70.37,16.16,High Risk
HR,62.75,11.88,78.91,28.13,69.52,91.01,Medium Risk
R&D,45.36,64.71,41.97,17.48,2.91,40.66,Medium Risk
Manufacturing,68.43,57.4,15.62,45.07,36.95,27.42,High Risk
HR,37.87,54.01,92.32,53.93,61.7,7.32,Low Risk
Sales,26.03,10.1,76.48,83.59,18.65,21.93,Medium Risk
Manufacturing,63.2,62.18,68.68,90.52,29.5,65.88,Low Risk
HR,60.38,30.58,90.74,9.55,71.2,72.79,Medium Risk
Operations,56.67,32.16,82.77,77.08,50.03,76.79,Low Risk
R&D,34.11,58.95,86.52,31.8,48.35,95.1,Low Risk
Finance,89.83,38.52,99.65,15.26,51.88,47.93,High Risk
Sales,81.86,90.86,73.11,62.68,42.74,51.03,Medium Risk
Manufacturing,11.83,50.3,85.6,70.93,79.57,39.05,Low Risk
Finance,57.61,3.35,38.3,47.44,25.52,3.12,High Risk
IT,49.16,41.57,25.0,53.78,43.8,47.4,Medium Risk
Operations,62.28,0.63,90.77,7.11,45.09,20.74,High Risk
Operations,35.22,86.0,39.64,63.88,24.89,1.94,Low Risk
Finance,46.37,53.65,45.95,96.2,70.68,99.57,Low Risk
Manufacturing,81.01,55.56,61.18,98.59,65.4,89.88,Medium Risk
HR,75.32,12.74,69.94,48.43,91.88,80.68,Medium Risk
Operations,22.05,6.96,49.32,8.08,72.37,55.24,Medium Risk
IT,85.23,27.98,51.91,11.75,88.46,17.5,High Risk
R&D,28.45,80.62,10.58,61.44,74.62,75.11,Low Risk
IT,27.11,6.16,44.88,20.25,69.93,35.67,Medium Risk
IT,20.21,56.76,18.55,67.9,7.12,97.59,Low Risk
Finance,71.61,18.17,1.41,33.45,15.28,21.84,High Risk
Finance,64.29,17.65,55.67,25.58,97.62,3.28,High Risk
R&D,75.91,77.3,6.72,17.19,38.43,86.82,High Risk
Finance,68.98,78.3,82.81,47.63,50.88,71.8,Low Risk
Finance,33.7,85.45,2.08,19.58,80.02,34.03,Medium Risk
Manufacturing,26.81,53.08,84.62,7.07,3.05,46.52,Low Risk
Manufacturing,96.06,27.9,95.92,88.77,28.31,81.69,Medium Risk
R&D,56.06,42.29,81.55,79.31,75.69,99.83,Low Risk
Operations,53.07,80.69,86.25,21.16,4.21,40.47,Low Risk
R&D,36.02,70.0,0.73,35.54,61.55,12.98,Medium Risk
Sales,90.69,15.63,90.98,21.64,99.43,60.47,High Risk
Manufacturing,15.87,7.49,58.99,80.96,40.3,44.48,Low Risk
IT,63.04,53.3,68.81,47.18,71.39,99.73,Low Risk
HR,11.1,12.56,55.35,34.43,94.0,62.74,Low Risk
HR,56.83,79.8,25.86,81.97,0.31,61.97,Medium Risk
Finance,80.91,85.36,39.7,82.42,55.08,61.85,Medium Risk
R&D,15.3,20.16,55.1,5.88,74.14,84.01,Low Risk
Manufacturing,19.16,93.97,6.76,47.41,84.03,7.03,Low Risk
R&D,11.64,2.49,51.13,81.16,12.74,12.46,Medium Risk
Operations,31.09,73.02,94.96,76.6,87.72,51.96,Low Risk
Finance,84.91,18.29,6.83,65.6,5.2,89.25,High Risk
Manufacturing,95.7,31.39,48.62,74.17,24.28,54.18,High Risk
Operations,69.35,97.88,74.47,11.81,47.53,58.88,Medium Risk
Finance,48.88,28.4,11.88,51.2,16.56,59.05,High Risk
Manufacturing,25.27,72.36,19.52,89.63,2.62,52.2,Low Risk
Sales,30.26,47.16,84.2,91.53,30.32,15.42,Low Risk
HR,74.81,58.2,20.1,76.03,51.89,65.34,High Risk
IT,49.52,18.03,75.65,15.7,77.83,79.8,Medium Risk
HR,77.19,1.94,27.31,46.83,59.55,91.92,High Risk
Finance,88.75,16.34,37.13,5.23,74.25,15.07,High Risk
HR,33.13,77.52,53.47,1.4,0.22,51.07,Medium Risk
HR,26.23,61.36,22.84,59.22,37.93,18.67,Medium Risk
HR,22.43,23.69,2.98,30.81,90.2,83.14,Medium Risk
IT,61.83,56.74,82.87,23.63,29.64,30.18,Medium Risk
HR,13.68,31.47,87.79,91.2,10.96,45.81,Low Risk
Operations,54.04,55.47,2.03,84.22,97.37,65.34,Medium Risk
HR,69.44,52.8,33.43,14.9,58.41,4.49,High Risk
Operations,47.88,41.48,32.72,96.94,17.49,15.13,Medium Risk
Sales,24.9,65.85,99.19,23.55,90.56,27.86,Low Risk
IT,13.64,49.57,65.46,53.63,23.78,82.85,Low Risk
Operations,97.31,45.92,63.59,79.04,24.15,86.45,High Risk
Operations,79.82,11.21,28.84,53.36,52.49,85.04,High Risk
Manufacturing,99.65,10.72,27.14,35.76,47.89,49.39,High Risk
Manufacturing,79.35,1.89,45.5,61.81,46.04,13.06,High Risk
Sales,45.77,41.17,18.77,75.63,32.14,58.9,Medium Risk
Sales,88.97,12.2,11.43,30.03,43.12,29.85,High Risk
Finance,78.69,24.53,8.48,41.38,77.34,85.06,High Risk
HR,60.21,72.42,68.14,23.44,55.08,77.06,Medium Risk
Sales,38.54,65.4,48.15,50.32,9.01,66.62,Low Risk
HR,22.73,36.61,4.87,2.96,98.97,49.35,Medium Risk
R&D,42.0,27.49,98.0,25.23,72.57,28.38,Low Risk
Manufacturing,71.49,0.16,67.57,25.04,74.61,76.98,High Risk
IT,75.17,2.45,70.37,99.01,24.26,27.42,High Risk
R&D,24.44,66.06,75.5,3.72,55.38,57.59,Low Risk
Sales,37.31,87.63,16.27,36.42,84.87,19.06,Medium Risk
HR,17.12,48.92,7.53,67.79,79.06,84.99,Low Risk
Sales,98.31,67.2,76.91,50.58,91.27,64.38,Medium Risk
Manufacturing,31.19,49.67,72.98,20.27,21.13,97.8,Low Risk
R&D,49.11,18.18,33.15,39.74,62.31,92.3,Medium Risk
Operations,68.65,69.99,32.18,85.72,21.78,10.64,High Risk
R&D,97.59,86.41,30.36,67.52,46.7,32.31,High Risk
Finance,22.24,54.93,44.66,51.22,21.54,93.86,Low Risk
HR,67.47,89.96,10.93,62.29,84.95,33.09,Medium Risk
Finance,33.85,27.29,44.72,32.6,27.13,64.85,Medium Risk
Manufacturing,14.77,34.04,68.98,17.58,22.09,20.07,Low Risk
IT,52.64,3.9,27.29,99.48,91.84,21.51,High Risk
IT,37.9,46.37,84.44,80.26,12.62,12.44,Low Risk
Operations,88.31,88.21,10.74,57.43,15.57,68.61,High Risk
HR,92.48,45.48,8.31,57.93,40.85,81.09,High Risk
R&D,88.74,27.37,15.75,30.65,3.49,28.12,High Risk
HR,69.41,14.23,11.14,13.24,7.76,87.46,High Risk
Sales,14.19,76.01,73.72,99.69,34.79,28.55,Low Risk
R&D,50.78,85.66,72.86,47.16,24.46,72.7,Low Risk
Sales,46.0,66.86,40.02,47.85,52.49,77.57,Low Risk
Sales,97.98,44.44,34.23,37.36,13.39,29.69,High Risk
Sales,48.51,16.74,34.64,79.36,24.59,61.19,High Risk
IT,91.11,56.69,19.38,34.48,59.04,50.66,High Risk
HR,50.21,54.31,26.73,61.24,7.02,33.66,High Risk
Manufacturing,82.38,25.93,60.52,41.0,31.65,91.61,High Risk
IT,31.3,90.93,74.59,68.18,4.95,13.12,Low Risk
HR,67.45,20.94,22.56,77.91,28.59,7.16,High Risk
Manufacturing,49.89,61.71,86.89,11.08,19.67,52.98,Medium Risk
IT,42.77,48.25,92.41,54.49,41.51,98.94,Low Risk
HR,93.89,50.17,50.38,92.2,50.73,43.84,High Risk
IT,34.52,65.88,56.96,21.43,70.94,64.41,Low Risk
Manufacturing,10.4,44.66,0.61,7.5,43.06,8.19,Medium Risk
HR,34.81,65.55,30.86,99.76,91.63,58.53,Low Risk
HR,88.12,31.89,74.96,13.68,68.46,49.11,High Risk
R&D,11.51,27.42,95.54,31.58,18.15,18.75,Low Risk
Finance,85.84,75.8,43.69,20.87,4.61,46.26,High Risk
Finance,83.33,72.97,40.86,59.47,43.62,57.9,High Risk
Manufacturing,71.29,50.77,94.06,42.8,1.59,23.64,Medium Risk
Finance,55.05,54.06,55.24,71.46,27.46,66.49,Medium Risk
HR,47.02,40.22,17.89,41.4,78.68,90.9,Medium Risk
Operations,63.43,29.94,68.23,74.01,33.22,82.65,Medium Risk
R&D,10.97,12.3,15.6,87.89,42.5,27.49,Medium Risk
IT,48.62,39.48,30.15,13.79,65.59,13.66,High Risk
Sales,28.15,73.14,80.56,12.53,8.67,94.96,Low Risk
Sales,51.67,63.02,2.33,27.87,50.54,88.62,Medium Risk
Manufacturing,79.77,66.22,11.53,29.34,23.79,44.25,High Risk
Manufacturing,67.18,43.34,24.45,69.59,58.45,51.93,High Risk
HR,29.97,68.04,38.75,36.35,14.97,59.68,Low Risk
Finance,64.24,34.03,85.99,84.55,10.91,69.5,Medium Risk
Sales,99.97,22.5,28.05,44.21,26.87,69.2,High Risk
HR,53.28,22.09,50.64,88.88,79.24,49.88,Medium Risk
Operations,26.19,87.84,71.02,57.22,87.94,12.17,Low Risk
HR,71.42,21.67,12.06,46.56,38.74,94.12,High Risk
R&D,83.34,74.88,66.79,92.04,40.79,38.97,Medium Risk
HR,24.49,27.58,87.98,47.44,34.14,21.61,Low Risk
Operations,74.5,28.67,75.77,62.98,78.76,25.09,Medium Risk
Finance,66.79,15.37,36.38,72.44,63.17,18.79,High Risk
HR,14.8,59.52,98.38,53.15,80.07,59.52,Low Risk
R&D,80.48,65.56,69.11,22.78,74.18,23.79,Medium Risk
R&D,30.5,23.67,85.87,24.3,36.09,71.46,Low Risk
R&D,24.29,15.91,48.64,24.37,23.57,0.92,Medium Risk
IT,38.64,3.12,62.12,62.67,7.08,31.7,Medium Risk
HR,88.55,58.22,41.2,46.51,20.83,81.19,High Risk
HR,91.96,22.39,31.07,16.06,30.72,33.28,High Risk
R&D,66.98,18.96,91.94,10.31,0.69,85.49,High Risk
Manufacturing,41.98,59.55,22.35,16.84,47.11,35.32,Medium Risk
Operations,65.37,21.81,66.29,76.69,16.66,4.39,High Risk
Operations,79.66,65.08,70.19,40.28,23.49,53.18,Medium Risk
Finance,28.39,72.62,19.7,29.13,50.65,48.67,Medium Risk
Finance,49.37,91.95,83.99,87.91,62.95,63.5,Low Risk
Operations,64.83,43.49,32.21,59.2,2.55,0.75,High Risk
Sales,14.18,52.48,61.5,19.82,89.57,19.01,Low Risk
Sales,89.61,76.3,24.07,15.07,31.62,39.8,High Risk
HR,99.9,22.97,83.06,15.91,98.02,22.55,High Risk
Manufacturing,47.95,55.86,12.03,81.68,27.47,54.93,Medium Risk
Operations,64.24,5.55,16.86,16.12,30.21,14.49,High Risk
Finance,92.97,51.3,62.36,35.75,27.62,50.32,High Risk
HR,40.93,45.28,50.57,98.43,22.33,48.8,Low Risk
HR,23.46,35.0,71.73,17.45,58.14,41.67,Low Risk
HR,93.98,41.36,78.39,41.63,93.74,29.05,High Risk
IT,47.1,75.89,34.37,36.44,99.48,55.56,Low Risk
IT,67.91,82.79,86.18,56.33,29.46,2.28,Medium Risk
Operations,65.3,82.55,45.05,16.47,28.81,51.0,Medium Risk
Operations,25.46,61.21,75.34,93.6,11.67,92.64,Low Risk
Sales,64.13,76.67,5.38,50.61,62.26,30.68,High Risk
IT,59.89,55.25,4.19,43.95,21.38,91.67,High Risk
Finance,97.89,29.96,17.52,21.95,47.78,87.45,High Risk
R&D,14.99,3.99,22.74,84.28,62.15,56.3,Medium Risk
Finance,38.71,92.94,33.12,83.49,89.59,48.33,Low Risk
Operations,34.91,65.84,8.8,47.39,21.73,6.28,Medium Risk
R&D,10.34,32.48,58.95,45.52,30.18,99.12,Low Risk
Finance,21.31,41.51,64.88,73.35,36.64,74.63,Low Risk
R&D,21.17,33.18,71.64,62.57,83.72,4.69,Low Risk
Sales,14.36,19.21,0.43,50.42,52.83,65.79,Medium Risk
Manufacturing,44.64,0.32,67.39,5.43,86.62,2.27,High Risk
Sales,90.54,57.25,60.84,68.16,12.24,67.49,High Risk
Finance,89.23,97.42,44.31,34.45,75.33,54.29,Medium Risk
R&D,25.49,17.02,45.92,17.01,1.97,5.21,High Risk
Manufacturing,93.69,7.3,7.32,45.12,24.51,96.27,High Risk
Sales,46.43,44.87,37.51,3.79,29.28,12.27,High Risk
R&D,19.21,56.09,9.88,10.29,48.05,44.23,Medium Risk
R&D,10.4,19.3,23.59,80.02,91.54,40.59,Low Risk
IT,46.45,71.25,62.69,18.41,10.77,43.76,Medium Risk
Operations,22.48,29.33,30.59,26.13,46.08,65.31,Medium Risk
Finance,55.85,20.15,10.29,82.19,47.93,6.21,High Risk
HR,82.36,75.17,87.58,60.21,42.29,42.66,Medium Risk
Manufacturing,27.46,65.08,58.51,15.49,88.57,36.85,Low Risk
Manufacturing,39.51,86.99,91.7,49.04,95.63,87.52,Low Risk
IT,84.27,85.97,38.19,75.65,57.73,71.97,Medium Risk
Sales,75.83,95.76,30.27,98.62,37.84,19.97,Medium Risk
Manufacturing,20.11,78.5,55.48,30.71,60.85,33.21,Low Risk
Operations,87.64,66.82,76.24,58.35,99.14,24.14,Medium Risk
Finance,33.61,9.26,55.4,61.34,72.6,33.54,Medium Risk
Manufacturing,66.9,99.87,29.45,18.39,28.18,42.54,Medium Risk
IT,32.58,34.7,63.82,34.5,39.61,4.0,Medium Risk
IT,46.62,32.81,8.65,63.42,86.38,4.12,High Risk
R&D,23.07,14.64,60.23,92.12,43.78,34.38,Low Risk
Operations,76.83,24.68,16.08,35.78,77.56,69.51,High Risk
Sales,69.93,82.94,27.71,33.97,4.23,86.87,Medium Risk
Operations,36.83,6.94,72.34,74.87,66.62,20.38,Medium Risk
Operations,92.19,75.32,65.78,65.09,90.44,92.83,Medium Risk
Operations,47.5,36.37,81.91,64.46,7.73,14.22,Medium Risk
Operations,91.02,88.45,95.18,42.79,78.41,82.82,Low Risk
IT,23.08,99.7,3.02,59.73,65.02,68.18,Low Risk
HR,33.01,72.16,21.64,82.9,21.91,69.67,Low Risk
R&D,27.01,23.8,77.91,8.6,19.08,45.55,Medium Risk
Sales,93.72,56.19,38.77,97.84,46.37,43.37,High Risk
Operations,38.1,32.57,68.78,4.08,68.18,20.12,Medium Risk
HR,44.58,14.65,55.28,72.94,35.47,16.34,Medium Risk
Sales,83.63,26.76,77.47,33.12,18.87,72.73,High Risk
Manufacturing,52.17,3.13,95.99,14.78,35.34,38.48,Medium Risk
R&D,80.69,0.61,93.25,64.6,95.06,81.74,Medium Risk
Finance,93.51,60.1,35.73,44.29,65.8,42.69,High Risk
HR,18.27,83.0,20.42,94.39,15.55,12.92,Low Risk
Sales,83.07,81.87,73.88,96.05,27.05,82.66,Low Risk
HR,58.37,44.56,0.59,57.45,74.75,17.46,High Risk
HR,93.85,53.04,17.82,64.59,19.19,6.35,High Risk
Operations,19.96,10.62,73.99,5.52,80.98,79.61,Low Risk
Operations,22.73,51.84,9.66,63.26,6.29,94.45,Medium Risk
Sales,71.46,12.83,20.96,45.09,57.31,99.89,High Risk
Manufacturing,12.33,0.03,35.04,36.62,88.38,91.26,Low Risk
Sales,22.89,41.21,74.59,31.26,66.32,23.71,Low Risk
R&D,39.11,86.04,25.05,96.43,30.63,2.35,Low Risk
Finance,25.41,50.68,11.27,62.6,87.49,36.25,Medium Risk
Manufacturing,25.16,40.0,78.6,59.15,10.11,53.72,Low Risk
IT,39.44,11.02,98.11,17.6,19.27,14.56,Medium Risk
Finance,61.32,44.37,24.96,42.94,67.35,28.17,High Risk
Sales,37.57,19.82,95.46,81.06,34.31,84.14,Low Risk
R&D,56.69,34.68,83.96,75.22,29.79,60.67,Medium Risk
Finance,10.09,96.18,54.96,59.84,59.99,55.06,Low Risk
HR,36.1,97.16,62.17,67.09,45.48,28.79,Low Risk
R&D,41.52,17.61,66.21,87.9,30.28,33.29,Medium Risk
IT,70.33,14.93,92.94,36.38,10.12,17.47,High Risk
R&D,32.24,66.23,15.62,19.41,87.92,14.8,Medium Risk
R&D,11.69,50.12,86.27,32.6,12.82,98.22,Low Risk
Operations,86.56,75.21,69.82,38.46,32.43,71.7,Medium Risk
Operations,74.5,95.06,56.87,29.46,48.95,61.37,Medium Risk
HR,81.2,58.46,0.94,56.98,63.36,91.53,High Risk
HR,47.23,57.45,47.5,53.17,6.73,89.73,Medium Risk
Finance,59.33,55.66,5.76,59.8,42.92,70.9,High Risk
R&D,14.24,71.09,28.69,65.17,62.71,22.68,Low Risk
Manufacturing,85.21,60.56,6.87,44.29,31.18,64.16,High Risk
Finance,65.31,1.04,60.77,73.48,76.87,5.9,High Risk
Operations,47.91,17.98,42.07,7.11,11.32,66.87,High Risk
HR,33.63,71.14,4.81,56.27,39.14,79.7,Medium Risk
Operations,43.8,62.27,22.75,58.04,8.13,43.46,Medium Risk
Sales,26.45,88.34,44.49,59.08,36.04,28.87,Low Risk
R&D,92.07,79.95,13.33,74.67,41.85,1.54,High Risk
Manufacturing,57.55,13.0,20.99,69.6,25.71,89.19,High Risk
HR,84.91,61.52,86.88,36.17,54.91,51.59,Medium Risk
Operations,91.34,16.49,57.81,75.44,37.0,86.76,High Risk
Finance,25.6,58.4,42.06,1.52,6.98,19.53,Medium Risk
HR,79.24,89.2,54.56,10.56,53.44,85.56,Medium Risk
Manufacturing,36.2,12.39,90.07,85.41,5.37,82.37,Low Risk
Sales,18.75,6.33,75.86,53.63,41.45,90.39,Low Risk
Finance,15.19,61.61,77.23,55.05,98.3,68.6,Low Risk
Sales,19.37,19.83,82.62,99.68,9.83,10.03,Low Risk
Sales,15.79,6.86,88.88,80.04,88.16,65.05,Low Risk
Sales,39.03,90.63,29.87,27.55,88.64,68.08,Low Risk
Sales,24.03,95.23,61.27,66.8,91.41,38.08,Low Risk
R&D,74.76,64.03,78.78,89.69,68.01,6.76,Medium Risk
IT,95.86,96.87,96.74,3.68,38.24,75.97,Medium Risk
Manufacturing,77.76,8.59,60.95,14.29,49.32,23.97,High Risk
IT,17.2,91.09,74.46,93.18,47.0,41.33,Low Risk
IT,42.26,61.63,35.16,74.63,80.13,87.58,Low Risk
Sales,57.43,22.34,3.76,70.78,54.9,72.39,High Risk
Manufacturing,17.89,99.55,99.43,46.5,86.61,24.36,Low Risk
IT,89.13,81.47,81.18,46.3,82.0,69.07,Medium Risk
Sales,21.92,11.42,77.19,62.55,51.94,90.73,Low Risk
Finance,45.65,41.39,60.52,76.03,56.44,50.88,Low Risk
Operations,75.42,70.53,83.03,6.26,75.5,51.38,Medium Risk
Sales,71.11,71.65,52.36,79.38,30.02,20.19,Medium Risk
IT,41.57,41.01,69.59,84.55,72.09,17.4,Low Risk
Finance,24.26,68.67,24.82,52.54,79.18,67.09,Low Risk
HR,36.85,33.29,65.34,54.95,9.64,87.4,Medium Risk
R&D,52.6,19.84,37.7,33.28,27.07,56.74,High Risk
Finance,51.6,88.92,94.13,21.95,10.01,78.53,Low Risk
Operations,87.72,2.37,25.13,4.33,82.08,58.14,High Risk
R&D,56.23,55.44,25.25,60.16,3.07,64.6,High Risk
Operations,70.57,33.21,82.63,71.55,12.83,19.51,Medium Risk
Sales,67.34,28.94,11.94,15.5,16.56,47.78,High Risk
Finance,25.88,71.25,28.1,31.16,22.35,78.52,Low Risk
Operations,96.38,49.25,4.2,26.06,15.81,84.28,High Risk
R&D,96.98,58.85,51.77,84.74,2.75,77.72,High Risk
IT,20.49,84.08,52.92,6.11,83.32,2.73,Low Risk
Operations,81.8,46.49,88.14,63.54,62.35,29.22,Medium Risk
IT,22.03,96.12,10.48,52.9,27.26,26.41,Low Risk
Finance,81.81,77.72,86.88,29.29,46.58,0.93,Medium Risk
Operations,77.22,30.23,56.15,16.93,81.94,81.73,High Risk
Operations,14.13,99.25,24.78,30.94,24.93,26.75,Low Risk
R&D,59.74,23.98,39.38,65.56,83.6,69.27,Medium Risk
Operations,23.3,81.61,3.73,26.42,5.71,66.74,Medium Risk
Operations,43.15,65.2,34.7,45.57,45.8,4.56,Medium Risk
Finance,67.7,54.61,7.53,66.81,30.89,1.44,High Risk
Finance,24.0,49.76,31.04,69.44,24.07,77.28,Low Risk
IT,65.88,79.92,38.56,4.68,53.54,99.54,Medium Risk
HR,97.21,22.1,75.57,34.5,16.03,66.59,High Risk
R&D,58.53,82.74,33.65,66.71,36.62,4.27,Medium Risk
Finance,44.02,95.0,48.33,10.82,68.78,96.34,Low Risk
Finance,61.48,37.63,58.07,81.59,86.12,81.88,Medium Risk
R&D,50.99,11.89,56.92,15.64,6.1,49.87,High Risk
Operations,86.87,78.28,85.72,76.01,70.32,1.01,Medium Risk
Operations,66.35,12.05,5.87,15.64,82.33,74.38,High Risk
Operations,98.11,89.33,13.29,87.84,83.86,87.11,High Risk
R&D,23.65,11.68,92.38,17.38,36.86,45.6,Low Risk
Manufacturing,11.86,99.41,87.67,91.23,28.46,22.01,Low Risk
IT,48.33,45.33,0.56,77.93,99.67,52.87,Medium Risk
Finance,45.35,9.61,26.62,50.21,43.18,54.5,High Risk
HR,86.42,22.52,2.77,3.82,13.42,57.05,High Risk
Manufacturing,89.81,63.51,40.31,15.45,40.14,33.24,High Risk
Sales,88.3,48.67,22.62,28.88,13.65,91.86,High Risk
IT,11.16,18.3,81.09,52.35,62.58,35.77,Low Risk
IT,16.18,85.62,19.19,3.31,57.27,8.33,Low Risk
R&D,82.03,49.16,24.15,34.86,72.92,6.64,High Risk
IT,20.48,61.63,60.7,97.25,37.45,6.51,Low Risk
IT,67.45,13.96,55.29,19.78,84.47,83.52,High Risk
Finance,48.67,96.67,97.98,12.93,36.77,60.03,Low Risk
Operations,44.44,26.12,95.21,41.16,76.27,38.67,Low Risk
IT,21.86,86.32,0.04,5.59,36.44,68.69,Medium Risk
Manufacturing,15.97,31.78,24.5,0.54,53.48,11.66,Medium Risk
HR,35.87,64.12,72.51,26.35,32.92,24.69,Low Risk
Manufacturing,27.15,18.32,44.5,18.93,15.67,9.59,High Risk
R&D,67.62,61.21,65.02,77.33,32.64,91.84,Medium Risk
Sales,82.42,72.1,35.85,28.3,42.25,9.7,High Risk
Sales,50.62,4.31,0.39,93.15,68.93,56.18,High Risk
R&D,61.35,89.16,65.24,60.25,46.02,34.57,Low Risk
HR,72.87,98.1,42.48,39.22,42.81,42.55,Medium Risk
Manufacturing,73.61,35.92,37.15,43.08,3.67,52.78,High Risk
R&D,83.02,66.06,19.84,72.8,71.95,26.25,High Risk
Operations,64.99,83.98,13.61,19.48,48.6,4.41,High Risk
Operations,47.4,78.82,14.87,45.99,98.98,50.59,Medium Risk
HR,60.29,18.6,14.72,67.74,39.58,28.99,High Risk
Finance,12.83,84.61,3.23,75.0,38.2,59.87,Low Risk
R&D,23.99,53.34,69.56,19.55,43.64,44.47,Low Risk
Manufacturing,29.44,56.5,14.59,50.97,11.34,48.55,Medium Risk
Manufacturing,50.7,43.37,90.79,48.99,81.85,22.57,Low Risk
HR,41.69,7.51,42.07,66.87,83.82,56.59,Medium Risk
R&D,25.95,3.72,79.17,16.7,9.12,93.76,Medium Risk
Operations,96.72,61.63,37.86,83.32,20.47,42.94,High Risk
HR,92.14,91.98,65.09,11.07,48.22,24.53,High Risk
HR,89.64,13.84,5.43,70.44,45.33,83.84,High Risk
Manufacturing,82.1,3.73,2.81,46.13,22.13,59.37,High Risk
IT,12.32,3.54,72.71,21.02,65.64,74.99,Low Risk
HR,79.28,26.84,38.95,8.66,83.86,56.07,High Risk
IT,55.42,96.86,33.45,89.08,71.97,92.85,Low Risk
Sales,99.19,13.17,79.6,80.45,64.44,27.89,High Risk
R&D,96.86,20.44,49.96,52.15,16.18,72.25,High Risk
Sales,72.38,84.86,34.94,70.94,15.68,84.59,Medium Risk
IT,95.68,15.27,69.19,50.58,53.15,70.65,High Risk
R&D,64.03,23.09,37.85,86.52,10.99,59.76,High Risk
Finance,26.59,84.65,57.9,40.3,24.98,43.68,Low Risk
IT,55.83,46.95,74.63,37.9,42.74,33.69,Medium Risk
R&D,23.58,71.38,87.3,90.56,88.08,45.18,Low Risk
HR,67.41,95.47,72.71,49.48,68.88,77.25,Low Risk
Manufacturing,92.73,76.32,43.32,27.36,49.99,32.82,High Risk
HR,55.72,47.21,34.82,63.94,52.01,12.9,Medium Risk
R&D,88.23,35.9,43.26,20.57,55.34,70.21,High Risk
Finance,14.64,97.33,70.38,28.43,20.45,29.61,Low Risk
R&D,88.82,29.14,46.28,70.57,87.2,65.86,High Risk
Finance,25.6,87.74,27.57,12.84,97.62,20.16,Low Risk
Sales,22.3,62.6,31.89,13.33,60.11,75.9,Low Risk
Finance,24.0,55.69,81.37,16.11,20.77,0.24,Low Risk
Sales,57.22,19.47,72.42,96.22,20.88,64.91,Medium Risk
IT,11.62,75.86,43.4,94.68,53.43,15.75,Low Risk
Manufacturing,50.48,20.29,87.8,69.09,34.12,52.78,Medium Risk
Operations,80.46,8.01,2.25,11.45,39.5,46.67,High Risk
Operations,22.28,41.12,44.16,10.91,91.67,59.91,Low Risk
Operations,55.62,31.42,85.43,57.5,49.49,91.09,Low Risk
HR,85.42,81.28,22.56,15.31,69.01,46.86,High Risk
IT,78.46,29.53,28.47,49.08,27.35,66.73,High Risk
Operations,77.21,47.2,72.38,51.04,71.29,22.5,Medium Risk
Manufacturing,74.36,26.66,55.6,85.53,24.95,73.6,High Risk
Sales,95.86,86.62,40.15,60.72,99.18,56.84,Medium Risk
Operations,14.09,79.03,42.36,24.68,34.77,75.74,Low Risk
IT,51.87,86.85,73.49,97.4,88.85,25.45,Low Risk
IT,11.85,99.11,26.1,66.48,84.92,16.05,Low Risk
Operations,86.31,1.22,44.2,47.2,37.41,58.64,High Risk
Operations,39.43,57.93,87.75,77.3,4.07,94.28,Low Risk
R&D,14.2,58.88,57.54,78.64,14.84,17.94,Low Risk
Manufacturing,23.46,46.94,73.16,65.12,21.06,30.4,Low Risk
Sales,97.21,44.87,4.45,21.96,34.24,99.95,High Risk
Manufacturing,12.38,51.29,8.36,27.41,99.24,70.46,Low Risk
HR,14.56,44.87,17.16,12.29,58.71,50.57,Medium Risk
R&D,90.31,24.67,92.3,51.8,25.88,84.58,High Risk
Sales,13.2,55.95,72.16,28.0,86.35,24.03,Low Risk
IT,17.07,15.99,38.1,85.41,14.46,87.54,Low Risk
Sales,30.68,45.25,35.27,11.81,94.43,43.82,Medium Risk
R&D,61.77,50.17,61.66,89.83,69.93,53.25,Medium Risk
Operations,68.07,60.64,43.31,62.48,44.36,75.76,Medium Risk
HR,96.39,82.07,60.18,74.93,17.8,47.9,High Risk
R&D,33.16,0.35,96.67,86.38,51.37,25.42,Low Risk
Sales,49.13,80.33,99.95,34.91,24.44,26.74,Low Risk
Operations,18.4,39.4,1.74,11.44,27.17,15.99,High Risk
Sales,19.5,86.6,22.11,10.86,1.01,71.52,Low Risk
Sales,33.1,50.95,11.16,98.53,12.54,41.19,Medium Risk
Manufacturing,32.04,26.7,80.85,27.33,0.29,42.79,Medium Risk
Sales,11.13,90.98,64.18,58.3,20.16,69.99,Low Risk
Operations,15.44,88.08,57.94,79.25,26.29,12.2,Low Risk
Operations,73.22,79.39,38.6,2.37,81.83,20.61,High Risk
Sales,66.54,10.0,7.2,2.57,91.66,31.14,High Risk
HR,69.46,98.92,66.95,52.51,52.09,37.69,Low Risk
IT,96.29,78.8,42.42,33.24,88.35,13.58,High Risk
Operations,86.46,25.51,71.56,80.62,47.7,19.23,High Risk
R&D,43.08,32.07,51.0,43.51,68.31,13.72,Medium Risk
Sales,49.21,89.17,3.61,45.73,66.05,88.77,Medium Risk
Finance,84.2,22.27,35.28,94.21,88.6,55.8,High Risk
Operations,52.79,45.11,5.88,89.24,81.81,45.63,Medium Risk
IT,40.86,12.32,72.18,55.67,23.41,62.3,Medium Risk
Manufacturing,98.13,12.24,45.85,49.42,16.68,53.16,High Risk
Operations,24.16,15.47,85.63,31.14,63.03,62.68,Low Risk
Operations,85.53,73.99,84.06,62.52,44.95,39.36,Medium Risk
IT,47.66,12.93,42.4,38.94,3.46,27.51,High Risk
HR,77.67,57.79,80.62,54.27,85.41,79.61,Medium Risk
Finance,97.93,1.47,59.68,79.25,33.19,59.86,High Risk
IT,42.59,6.06,0.85,9.49,9.84,61.09,High Risk
IT,50.99,69.19,1.68,27.1,77.74,91.0,Medium Risk
Finance,49.45,8.15,79.87,88.52,41.37,24.34,Medium Risk
R&D,63.2,90.99,67.79,31.72,64.29,83.21,Low Risk
IT,52.82,81.97,39.19,34.85,58.3,46.47,Medium Risk
R&D,56.48,38.52,39.49,54.79,35.49,72.29,Medium Risk
R&D,44.26,38.41,61.7,6.08,65.54,50.5,Medium Risk
IT,74.73,75.83,84.63,37.48,32.7,71.43,Medium Risk
Finance,62.36,63.18,55.55,77.27,19.0,55.57,Medium Risk
R&D,46.65,66.4,49.31,37.96,88.5,77.28,Low Risk
Manufacturing,57.37,95.01,42.44,78.81,16.79,28.58,Medium Risk
IT,19.52,50.18,19.23,63.42,19.01,12.35,Medium Risk
HR,97.22,65.82,93.65,48.99,3.34,57.44,High Risk
HR,11.35,86.12,62.0,74.47,49.39,61.84,Low Risk
Finance,33.17,97.38,40.07,16.23,5.59,63.62,Low Risk
HR,90.62,70.21,99.06,72.28,33.93,60.12,Medium Risk
R&D,17.18,22.17,41.75,20.18,95.35,99.56,Low Risk
Sales,73.83,40.78,13.95,33.69,23.34,32.81,High Risk
HR,29.35,11.23,21.74,90.58,8.52,32.48,Medium Risk
Finance,41.91,51.76,4.34,64.86,56.35,68.1,Medium Risk
Finance,61.05,43.79,35.01,22.64,50.01,2.61,High Risk
R&D,71.01,10.87,6.29,65.22,39.78,80.18,High Risk
HR,94.36,95.7,42.56,26.43,60.86,62.82,High Risk
Manufacturing,38.96,6.38,21.0,15.44,12.39,92.63,High Risk
Operations,11.25,60.19,94.75,36.01,52.71,69.58,Low Risk
Sales,52.99,81.71,74.54,80.84,98.73,37.03,Low Risk
HR,77.24,60.28,66.66,73.99,74.97,88.57,Medium Risk
R&D,68.81,28.03,59.46,75.12,79.1,42.01,Medium Risk
HR,55.78,33.38,16.9,26.05,91.21,30.9,High Risk
IT,31.73,72.31,57.39,69.69,64.4,70.67,Low Risk
R&D,91.5,56.35,6.78,27.08,70.82,49.41,High Risk
Finance,63.69,38.26,77.39,72.35,71.43,71.53,Medium Risk
Finance,90.13,59.54,96.71,11.92,63.2,71.69,Medium Risk
IT,35.94,55.0,36.47,90.91,35.68,17.57,Medium Risk
Finance,61.88,39.6,9.59,56.48,53.78,17.32,High Risk
Finance,61.06,77.36,36.16,24.88,95.12,56.12,Medium Risk
Operations,12.44,82.07,19.68,78.6,70.52,96.88,Low Risk
IT,34.7,76.64,31.69,62.92,59.77,5.45,Low Risk
R&D,10.47,5.78,12.79,25.77,90.7,51.86,Medium Risk
Sales,85.45,73.49,39.14,86.39,74.2,74.32,Medium Risk
Sales,91.14,59.87,52.86,89.02,45.45,81.16,Medium Risk
IT,10.12,52.83,7.36,97.65,0.55,71.81,Low Risk
IT,31.9,96.76,38.15,2.73,2.69,55.34,Low Risk
Finance,98.18,33.73,48.27,10.05,52.22,59.97,High Risk
R&D,32.6,61.21,89.97,0.1,22.89,20.99,Low Risk
Finance,24.95,62.59,10.27,73.85,88.7,92.66,Low Risk
IT,69.42,19.74,8.53,23.2,96.2,96.23,High Risk
Manufacturing,39.32,51.0,29.17,97.97,22.12,36.91,Medium Risk
HR,48.64,12.51,38.28,85.67,14.04,58.4,High Risk
HR,25.35,1.23,27.33,6.18,37.68,81.02,High Risk
HR,74.77,94.74,42.7,70.78,66.53,21.7,Medium Risk
Operations,57.68,79.67,46.18,22.77,99.35,11.56,Medium Risk
HR,96.03,80.9,83.89,79.49,20.82,63.26,Medium Risk
Sales,77.11,27.16,18.11,32.81,47.98,57.38,High Risk
Sales,85.33,76.9,67.62,26.35,47.89,33.54,High Risk
IT,10.92,33.95,25.61,57.19,6.23,27.05,Medium Risk
Manufacturing,14.03,64.14,56.82,33.75,14.73,95.79,Low Risk
Finance,71.12,53.13,80.65,89.64,38.27,69.0,Medium Risk
Operations,30.69,65.19,39.92,0.68,95.55,86.84,Low Risk
Manufacturing,99.8,31.71,45.88,85.13,30.46,45.05,High Risk
HR,69.9,13.05,42.24,30.94,67.68,13.6,High Risk
Finance,74.02,15.62,42.2,71.29,76.55,9.49,High Risk
Manufacturing,86.68,72.4,33.93,76.38,72.83,60.09,Medium Risk
Manufacturing,76.12,99.93,57.86,80.87,74.43,85.58,Low Risk
Finance,95.91,19.31,16.55,58.64,44.93,57.07,High Risk
HR,93.85,41.74,71.79,19.68,53.46,2.18,High Risk
Sales,55.34,54.53,73.54,64.95,35.84,0.57,Medium Risk
HR,97.58,92.23,32.51,25.89,43.64,68.99,High Risk
IT,42.11,6.73,40.28,26.06,32.49,16.3,High Risk
Finance,57.4,27.09,55.39,49.27,79.6,95.6,Medium Risk
Operations,21.76,88.39,70.48,69.26,37.43,34.39,Low Risk
R&D,98.4,60.65,40.23,54.38,4.05,17.37,High Risk
IT,66.1,51.43,78.71,65.87,60.14,81.53,Low Risk
R&D,72.18,71.56,27.52,19.56,21.39,19.81,High Risk
IT,57.14,13.56,65.93,10.51,2.69,31.93,High Risk
Sales,98.98,30.3,22.21,19.68,37.39,60.58,High Risk
Manufacturing,80.38,36.46,62.6,48.21,84.65,56.9,High Risk
IT,73.32,82.01,46.54,98.72,87.91,19.7,Medium Risk
HR,80.81,60.1,53.48,51.39,85.34,61.09,Medium Risk
Operations,14.4,44.83,90.8,71.17,5.1,88.4,Low Risk
Finance,84.4,54.67,2.24,56.24,5.46,32.04,High Risk
HR,92.16,35.78,86.0,91.84,2.1,23.94,High Risk
Operations,73.89,75.68,39.24,65.68,61.22,73.98,Medium Risk
Manufacturing,17.73,15.83,13.27,93.25,91.35,79.74,Low Risk
Sales,20.5,57.43,18.72,36.84,26.71,82.89,Low Risk
Sales,68.16,98.39,68.71,7.92,90.78,64.31,Low Risk
Manufacturing,51.07,65.97,87.9,47.71,53.13,45.24,Low Risk
IT,80.84,12.64,39.46,38.68,28.0,40.25,High Risk
IT,65.62,31.14,17.25,86.94,97.08,45.86,High Risk
Operations,14.27,3.69,39.29,93.02,73.07,34.93,Low Risk
HR,97.12,42.88,27.68,42.64,21.15,88.56,High Risk
Finance,69.22,38.9,90.17,64.24,48.83,13.21,Medium Risk
HR,91.17,54.68,28.51,87.79,5.44,31.41,High Risk
Sales,40.58,47.67,26.43,13.01,3.69,15.76,High Risk
Finance,95.77,57.54,48.9,38.43,70.84,14.13,High Risk
IT,69.03,47.91,77.01,89.71,82.34,18.42,Medium Risk
Manufacturing,18.23,16.94,78.35,91.38,92.54,29.82,Low Risk
IT,58.26,82.28,54.84,14.59,7.92,95.72,Medium Risk
Sales,48.32,35.05,35.63,37.89,94.5,6.27,Medium Risk
Finance,81.07,54.94,12.85,3.45,22.42,26.08,High Risk
IT,11.28,21.61,73.83,85.54,89.82,38.99,Low Risk
Operations,99.99,76.93,53.74,25.48,32.13,51.54,High Risk
HR,58.79,1.37,95.94,57.56,58.92,21.15,Medium Risk
Sales,76.35,9.52,59.5,65.82,83.56,20.61,High Risk
Sales,88.99,46.15,9.65,10.56,19.78,28.28,High Risk
Operations,77.39,18.67,99.27,16.15,59.94,92.89,Medium Risk
Finance,84.93,64.79,71.55,13.42,0.97,43.41,High Risk
R&D,42.2,22.37,91.63,88.01,81.89,71.39,Low Risk
IT,23.87,4.84,65.39,64.23,36.94,47.27,Medium Risk
HR,31.59,31.42,41.84,60.32,95.58,53.85,Low Risk
Finance,75.8,80.7,11.35,65.31,48.21,57.24,High Risk
Sales,91.56,95.28,0.35,21.28,18.02,78.13,High Risk
IT,63.83,17.73,81.4,35.35,46.09,38.73,High Risk
Finance,53.21,27.46,42.46,90.83,50.29,91.64,Medium Risk
Finance,59.51,76.88,29.36,79.04,26.43,1.95,Medium Risk
Finance,11.95,94.71,100.0,76.22,10.81,89.89,Low Risk
Manufacturing,76.94,33.22,50.23,66.18,2.41,50.15,High Risk
Finance,26.94,44.38,53.25,73.56,96.45,84.83,Low Risk
Sales,65.94,58.36,60.32,54.52,5.94,69.83,Medium Risk
Finance,56.12,87.04,67.24,36.27,1.97,5.92,Medium Risk
Sales,41.66,46.21,16.69,18.93,23.02,78.05,High Risk
Operations,44.46,17.24,11.09,8.71,39.13,4.55,High Risk
Sales,40.03,96.15,50.75,82.26,12.93,26.81,Low Risk
Finance,44.52,64.84,97.61,55.08,30.53,53.19,Low Risk
R&D,14.92,11.24,0.72,88.42,67.13,29.83,Medium Risk
Operations,71.48,91.95,29.91,32.16,85.42,89.34,Medium Risk
Manufacturing,92.26,29.32,12.03,44.0,29.58,88.39,High Risk
R&D,67.05,90.62,97.67,65.01,94.99,7.57,Low Risk
IT,42.34,0.87,98.12,90.27,2.81,1.81,Medium Risk
Sales,33.27,84.69,16.05,79.06,55.45,37.74,Low Risk
HR,23.11,99.77,61.8,43.94,37.11,90.57,Low Risk
R&D,83.01,61.62,88.8,29.93,70.37,40.44,Medium Risk
Sales,64.0,99.82,98.45,51.26,57.39,89.73,Low Risk
IT,80.07,6.52,32.26,89.66,76.84,74.22,High Risk
R&D,70.11,41.53,40.32,80.89,29.38,68.48,High Risk
Manufacturing,86.01,31.99,74.19,10.65,13.81,41.73,High Risk
Sales,14.97,94.77,90.19,4.89,83.83,50.89,Low Risk
Finance,89.82,57.7,11.63,0.26,49.69,94.92,High Risk
Operations,61.54,37.29,3.09,91.5,32.72,70.48,High Risk
Sales,32.85,6.38,38.5,31.71,70.03,81.98,Medium Risk
Operations,30.02,52.82,4.06,21.43,76.18,79.34,Medium Risk
R&D,22.81,55.1,42.27,99.15,65.41,93.52,Low Risk
Sales,23.08,45.09,77.16,36.79,63.25,51.17,Low Risk
Finance,25.65,93.53,40.16,46.8,52.86,26.54,Low Risk
R&D,96.73,91.15,97.29,99.69,66.98,45.17,Low Risk
Finance,12.14,83.44,49.73,67.32,37.4,36.86,Low Risk
Sales,12.85,42.38,40.84,22.48,24.73,58.41,Low Risk
HR,84.72,11.14,57.76,16.0,52.82,55.25,High Risk
HR,67.81,42.74,50.95,18.1,46.3,37.3,High Risk
HR,49.13,77.93,42.6,23.58,27.37,4.53,Medium Risk
Operations,58.59,83.09,76.91,43.78,19.61,86.35,Low Risk
Manufacturing,45.93,85.66,39.32,11.79,26.59,60.0,Medium Risk
IT,23.68,65.49,43.82,33.44,24.09,82.33,Low Risk
Finance,76.46,44.04,9.19,44.05,50.77,45.78,High Risk
HR,83.46,91.09,78.68,58.28,54.14,64.46,Medium Risk
IT,83.07,85.68,26.72,90.28,84.87,42.45,Medium Risk
HR,91.81,12.04,2.8,34.79,56.54,35.14,High Risk
Sales,32.92,28.12,63.48,0.39,72.76,37.75,Medium Risk
R&D,98.0,69.14,5.22,9.26,8.82,95.26,High Risk
HR,48.48,20.05,87.36,20.16,70.67,76.33,Medium Risk
Operations,36.52,50.49,22.3,37.89,96.51,69.31,Medium Risk
R&D,58.65,23.9,71.29,50.06,17.68,41.24,Medium Risk
Sales,67.14,73.53,24.32,87.6,37.96,27.11,Medium Risk
R&D,82.38,35.42,48.34,22.28,68.61,78.1,High Risk
Manufacturing,40.55,94.51,3.06,13.29,58.88,70.14,Medium Risk
Operations,59.87,31.84,55.41,65.93,97.28,45.57,Medium Risk
Manufacturing,68.34,57.8,31.76,25.31,98.79,20.69,High Risk
R&D,23.19,80.44,18.57,96.72,68.6,9.01,Low Risk
Sales,72.39,60.36,33.75,26.07,71.88,74.14,High Risk
HR,88.86,26.88,6.99,59.99,10.71,27.67,High Risk
HR,55.65,28.64,21.5,70.32,54.7,83.98,Medium Risk
Manufacturing,53.51,26.13,79.21,19.69,24.22,84.16,Medium Risk
Operations,76.71,61.29,3.89,12.73,50.0,74.63,High Risk
Sales,11.56,18.43,58.88,69.42,3.34,4.33,Medium Risk
Finance,33.52,8.35,54.19,12.37,64.82,77.72,Medium Risk
IT,95.36,27.34,2.94,32.94,70.85,5.98,High Risk
R&D,42.37,29.8,21.93,70.61,65.91,53.55,Medium Risk
Finance,19.28,14.97,38.34,65.59,58.41,7.4,Medium Risk
R&D,96.26,30.51,35.9,62.36,94.52,66.27,High Risk
Finance,26.88,61.88,82.89,50.9,36.22,98.48,Low Risk
R&D,22.69,41.09,87.34,90.05,98.04,88.48,Low Risk
Finance,93.68,42.82,65.16,39.43,81.37,57.59,High Risk
IT,86.1,19.38,18.5,44.04,0.48,69.29,High Risk
Sales,60.16,7.0,17.06,62.29,30.57,21.47,High Risk
HR,30.6,21.48,62.29,16.77,36.27,68.79,Medium Risk
Manufacturing,63.76,25.09,93.27,41.39,28.7,90.43,Medium Risk
Finance,68.98,61.39,88.67,5.85,83.77,67.79,Medium Risk
HR,33.07,10.48,94.11,14.19,25.94,69.11,Medium Risk
HR,73.91,16.08,81.41,51.03,84.85,8.73,High Risk
HR,67.33,15.0,52.49,1.41,77.99,89.95,High Risk
IT,85.5,95.84,90.31,44.4,39.83,89.62,Low Risk
Finance,97.56,76.83,20.2,94.5,94.71,66.61,High Risk
R&D,87.16,56.12,94.41,9.39,86.4,5.55,High Risk
IT,22.18,47.91,23.22,95.21,55.93,89.77,Low Risk
HR,35.03,2.6,77.57,70.24,54.55,81.53,Low Risk
HR,62.91,96.59,71.97,67.69,36.14,0.23,Low Risk
Sales,31.68,76.39,70.99,33.1,62.56,19.53,Low Risk
Operations,95.27,41.32,24.5,48.71,38.7,72.95,High Risk
Manufacturing,96.59,59.17,59.11,36.48,56.46,31.93,High Risk
Finance,87.95,42.94,49.21,8.35,83.71,17.03,High Risk
IT,46.96,84.03,45.78,93.12,20.93,71.52,Low Risk
Manufacturing,59.47,69.22,39.32,75.13,90.89,70.31,Low Risk
R&D,94.23,58.87,57.71,30.46,70.96,88.2,High Risk
IT,30.97,54.41,75.59,93.94,15.66,12.75,Low Risk
Operations,47.16,12.56,98.04,42.43,53.36,22.71,Medium Risk
HR,98.62,48.87,0.88,24.25,97.85,98.91,High Risk
Finance,28.94,61.53,7.69,57.74,12.59,81.87,Medium Risk
R&D,25.57,46.27,10.2,33.91,6.51,26.45,Medium Risk
R&D,99.12,4.46,85.9,7.75,52.9,45.21,High Risk
Manufacturing,27.91,17.97,74.87,72.57,69.92,2.61,Low Risk
R&D,33.4,83.99,60.09,60.22,29.59,26.02,Low Risk
R&D,75.5,12.69,93.77,58.24,33.34,39.71,High Risk
R&D,75.29,37.63,57.87,71.05,19.54,94.42,Medium Risk
IT,47.74,69.85,60.88,44.01,64.97,90.28,Low Risk
HR,82.03,82.43,25.84,41.94,55.38,4.42,High Risk
Finance,39.11,28.26,25.93,28.34,33.8,60.48,High Risk
Sales,62.52,25.57,20.64,82.64,9.27,51.28,High Risk
Manufacturing,61.67,88.57,62.39,97.36,87.14,21.47,Low Risk
Finance,31.71,34.48,39.15,55.3,23.25,22.23,Medium Risk
R&D,70.48,68.81,97.61,20.24,39.29,96.47,Low Risk
HR,72.1,59.23,53.96,7.55,89.34,62.55,Medium Risk
Manufacturing,58.56,39.19,25.47,75.53,50.96,3.39,High Risk
Operations,45.92,92.86,37.39,41.32,62.4,80.17,Low Risk
Manufacturing,86.5,11.4,92.46,90.39,51.91,62.47,Medium Risk
Operations,29.15,44.79,20.27,2.2,98.09,25.91,Medium Risk
Operations,37.02,37.06,39.78,33.5,63.74,96.09,Medium Risk
Operations,48.58,97.33,66.78,60.71,23.71,6.29,Low Risk
Sales,61.66,41.44,81.2,31.06,78.36,32.8,Medium Risk
Sales,92.88,26.8,13.76,69.81,16.28,94.94,High Risk
Finance,30.78,20.88,92.39,60.79,89.37,11.02,Low Risk
Operations,93.29,52.0,66.84,37.29,5.91,95.8,High Risk
Manufacturing,42.81,94.39,16.77,15.47,7.31,39.13,Medium Risk
R&D,14.71,39.47,13.84,73.05,83.34,68.78,Low Risk
Sales,79.02,24.95,75.95,56.74,36.67,8.35,High Risk
Manufacturing,84.48,93.97,66.59,96.45,93.41,19.46,Low Risk
Operations,41.44,48.75,15.7,97.48,72.61,26.69,Medium Risk
Sales,43.43,42.25,74.75,92.57,32.14,47.25,Low Risk
IT,45.4,50.42,10.57,16.77,40.11,91.49,Medium Risk
Operations,41.44,24.98,74.29,94.91,45.91,0.86,Medium Risk
Finance,47.36,67.36,27.77,0.24,34.45,70.48,Medium Risk
Operations,45.38,21.92,46.4,75.23,11.94,69.18,Medium Risk
HR,43.37,97.03,89.47,31.62,3.11,30.83,Low Risk
Operations,28.42,54.73,91.87,87.03,30.58,42.86,Low Risk
R&D,58.97,6.34,93.86,86.69,21.42,69.94,Medium Risk
IT,61.12,80.14,47.57,19.18,63.98,8.03,Medium Risk
Operations,29.14,68.49,82.8,10.95,40.03,73.35,Low Risk
Operations,24.73,56.65,67.18,35.48,83.2,51.07,Low Risk
HR,22.68,2.32,5.07,90.39,88.26,80.76,Medium Risk
Operations,27.97,52.55,79.61,67.47,11.55,89.55,Low Risk
IT,25.46,90.1,48.46,37.29,55.37,98.14,Low Risk
Manufacturing,20.77,75.69,33.43,11.7,42.19,54.88,Low Risk
Manufacturing,46.47,63.57,57.64,72.32,83.64,40.91,Low Risk
Manufacturing,48.07,49.67,56.64,10.83,31.26,17.19,Medium Risk
HR,97.6,58.27,42.94,56.59,66.91,43.5,High Risk
HR,50.29,70.14,6.09,54.01,54.73,75.68,Medium Risk
R&D,81.62,50.38,16.95,58.83,83.43,93.24,High Risk
R&D,84.28,18.9,71.26,88.02,68.1,68.58,High Risk
IT,67.33,29.44,8.88,82.77,94.31,85.68,High Risk
Finance,40.05,9.35,28.01,84.28,65.58,96.67,Medium Risk
Manufacturing,59.63,79.0,23.4,96.41,59.24,0.79,Medium Risk
HR,12.26,88.22,64.53,76.31,78.4,42.05,Low Risk
HR,94.38,17.22,76.41,30.78,32.15,41.28,High Risk
Sales,87.73,2.21,43.39,68.0,11.04,79.23,High Risk
R&D,18.18,15.29,97.41,19.79,7.89,95.22,Low Risk
R&D,90.34,65.57,55.14,91.92,65.55,65.84,Medium Risk
HR,68.79,50.37,38.97,50.31,52.25,36.08,High Risk
Sales,50.33,80.19,41.65,2.56,28.3,23.17,Medium Risk
Finance,50.44,28.03,81.07,1.92,17.43,82.7,Medium Risk
Sales,59.56,77.36,83.82,94.2,6.34,79.92,Low Risk
IT,28.63,93.17,40.42,88.76,60.51,52.67,Low Risk
Operations,24.36,91.43,55.67,0.61,1.83,77.76,Low Risk
Sales,63.89,68.11,27.94,56.93,24.03,94.63,Medium Risk
Manufacturing,87.42,28.8,52.88,50.06,96.0,39.4,High Risk
IT,93.58,16.28,55.05,10.57,61.75,36.57,High Risk
Finance,97.09,41.54,13.62,83.4,82.09,69.49,High Risk
R&D,33.82,64.21,3.8,19.69,93.23,73.92,Medium Risk
Sales,30.76,11.14,94.89,11.22,25.71,18.26,Medium Risk
Operations,38.27,97.42,34.19,50.43,74.59,55.11,Low Risk
IT,76.92,66.16,60.86,64.96,79.92,71.02,Medium Risk
Manufacturing,23.1,67.77,73.7,30.0,87.46,30.47,Low Risk
Sales,31.94,86.71,24.7,41.55,36.79,89.81,Low Risk
R&D,72.49,79.4,62.79,94.37,80.25,40.02,Low Risk
Finance,95.57,52.46,2.26,26.0,62.17,15.68,High Risk
Finance,42.54,53.44,0.19,84.84,36.19,14.02,Medium Risk
Operations,49.41,48.62,63.74,52.46,4.35,87.15,Medium Risk
HR,16.93,77.28,66.02,64.94,42.69,41.05,Low Risk
Finance,58.27,5.06,29.9,98.79,66.22,41.89,High Risk
R&D,77.07,26.03,16.24,15.45,72.93,64.28,High Risk
Manufacturing,16.28,11.5,63.38,57.11,68.6,17.8,Low Risk
R&D,94.25,60.11,19.61,67.95,34.31,4.93,High Risk
Sales,37.21,90.56,41.11,86.47,50.87,51.7,Low Risk
HR,67.34,10.78,47.87,26.03,39.24,53.71,High Risk
IT,11.3,28.46,98.96,5.74,31.94,32.14,Low Risk
R&D,71.63,24.77,46.03,64.49,32.23,94.88,High Risk
HR,98.17,11.97,34.38,20.8,18.68,49.1,High Risk
IT,48.31,27.26,27.86,99.21,92.37,7.59,Medium Risk
Finance,69.09,45.69,68.88,59.7,88.93,6.7,Medium Risk
IT,98.69,18.23,12.73,72.9,77.74,67.23,High Risk
HR,79.86,69.37,13.58,60.82,77.69,86.55,High Risk
Finance,21.47,78.11,25.65,3.19,82.52,50.6,Low Risk
Manufacturing,39.4,1.14,3.53,79.26,48.97,14.97,High Risk
Finance,24.88,11.29,27.63,54.95,21.0,34.37,Medium Risk
HR,53.01,42.0,12.86,3.89,3.55,35.02,High Risk
Operations,21.81,78.7,71.57,0.39,2.67,19.5,Low Risk
Sales,15.05,53.13,3.96,80.26,49.3,72.8,Low Risk
HR,55.61,92.54,99.02,35.92,12.59,36.32,Low Risk
Sales,30.1,53.1,37.84,48.04,76.32,27.4,Low Risk
Sales,40.16,78.5,63.95,0.85,66.01,17.02,Low Risk
Finance,75.2,56.73,40.15,69.41,85.66,77.87,Medium Risk
Sales,75.04,41.39,78.9,82.91,13.73,23.8,Medium Risk
Finance,34.3,16.61,39.25,19.3,59.55,10.16,High Risk
Sales,69.9,39.85,42.15,79.79,98.45,56.51,Medium Risk
Manufacturing,17.12,10.29,96.85,67.92,75.25,67.58,Low Risk
IT,50.35,79.81,86.64,23.73,59.6,15.71,Low Risk
Manufacturing,96.24,25.22,72.66,23.11,61.61,65.93,High Risk
HR,83.7,88.54,85.51,33.08,74.43,55.95,Medium Risk
HR,63.34,47.74,60.03,13.57,40.88,17.77,High Risk
R&D,21.5,21.25,78.19,54.98,2.36,78.85,Low Risk
Manufacturing,91.85,88.04,82.3,99.22,58.64,96.26,Low Risk
Operations,38.19,86.34,79.25,77.58,89.63,38.42,Low Risk
R&D,46.0,64.01,73.78,87.97,87.58,72.13,Low Risk
Finance,26.08,95.03,6.42,55.56,9.02,56.8,Low Risk
R&D,45.11,8.16,64.81,73.12,17.42,69.44,Medium Risk
IT,22.37,14.74,59.91,77.88,59.69,80.94,Low Risk
Manufacturing,63.23,79.73,97.65,39.1,14.99,13.54,Medium Risk
Sales,59.24,18.42,88.21,95.67,25.32,20.69,Medium Risk
Operations,29.25,38.74,85.32,59.6,6.76,47.3,Low Risk
HR,46.56,40.35,64.84,54.95,87.48,1.63,Medium Risk
IT,79.66,2.27,30.43,87.97,69.04,17.2,High Risk
HR,74.97,93.73,63.43,2.47,49.97,15.3,Medium Risk
Finance,14.3,59.85,77.69,3.61,78.36,70.64,Low Risk
Operations,32.03,39.36,11.98,23.89,30.28,31.94,High Risk
Sales,25.75,18.87,90.15,78.39,34.45,94.76,Low Risk
Sales,46.61,81.35,44.29,23.46,36.85,50.07,Medium Risk
Manufacturing,65.86,40.56,43.13,26.39,53.53,21.95,High Risk
Manufacturing,77.26,41.03,74.72,0.7,34.45,44.03,High Risk
R&D,52.28,74.87,96.28,38.0,35.06,61.05,Low Risk
Sales,22.72,96.15,80.95,95.85,21.78,1.78,Low Risk
Manufacturing,49.35,93.36,13.83,11.72,6.9,76.5,Medium Risk
R&D,72.58,5.33,72.33,44.86,15.79,29.51,High Risk
Sales,55.1,32.97,96.97,47.47,37.22,67.32,Medium Risk
Sales,10.22,61.85,24.38,37.52,70.63,55.74,Low Risk
Operations,43.18,16.74,50.55,31.94,91.29,53.43,Medium Risk
Finance,45.12,82.74,5.65,29.81,7.82,3.17,High Risk
R&D,92.7,71.69,62.51,53.25,56.96,63.87,Medium Risk
R&D,63.72,74.86,28.1,97.68,3.19,38.66,Medium Risk
Sales,89.38,18.05,14.13,36.54,42.82,93.34,High Risk
IT,51.77,97.3,64.23,87.37,24.61,48.9,Low Risk
Sales,12.67,0.89,70.55,11.83,54.78,69.6,Low Risk
Operations,50.39,68.42,88.97,29.92,97.42,84.45,Low Risk
IT,68.56,39.19,71.11,81.62,30.33,99.28,Medium Risk
Operations,53.7,72.28,52.4,76.09,82.7,2.32,Low Risk
R&D,17.12,33.65,91.76,39.83,88.75,46.24,Low Risk
IT,91.06,56.07,36.05,4.44,11.09,13.93,High Risk
HR,42.84,60.73,30.76,6.55,26.48,40.87,Medium Risk
Finance,45.37,8.92,58.11,91.96,78.67,83.62,Medium Risk
R&D,93.54,63.65,99.49,3.33,83.48,85.7,Medium Risk
Finance,53.04,78.78,19.51,60.31,35.86,59.62,Medium Risk
R&D,70.8,34.71,21.62,32.17,66.4,67.69,High Risk
Manufacturing,21.39,81.85,68.81,3.05,33.56,46.67,Low Risk
Sales,42.46,11.74,20.73,2.46,9.31,26.63,High Risk
Operations,57.4,42.45,66.22,54.15,13.15,22.26,Medium Risk
Sales,30.03,60.0,46.16,38.76,55.66,97.01,Low Risk
HR,56.82,48.04,71.66,73.03,72.91,20.15,Medium Risk
HR,50.42,81.12,38.15,98.43,36.48,49.77,Low Risk
Sales,49.03,84.56,15.53,56.77,61.86,85.12,Medium Risk
Finance,64.83,96.0,87.22,34.87,85.99,95.85,Low Risk
Operations,64.92,28.18,64.96,9.36,73.42,41.98,High Risk
Manufacturing,62.86,2.59,69.54,49.6,62.53,31.57,High Risk
R&D,49.19,94.4,22.78,67.58,4.98,71.81,Medium Risk
Manufacturing,31.46,45.15,36.78,11.28,34.56,35.01,Medium Risk
Operations,97.51,47.0,91.44,46.16,10.75,23.02,High Risk
Finance,46.68,32.54,86.58,67.86,57.83,49.12,Low Risk
Manufacturing,65.1,12.46,16.25,30.31,17.12,67.71,High Risk
HR,12.23,16.02,90.26,99.75,48.76,49.54,Low Risk
Operations,13.26,42.7,9.98,40.09,98.38,75.36,Low Risk
Sales,98.65,74.6,60.81,75.42,65.91,46.41,Medium Risk
IT,56.82,25.85,48.67,14.61,56.54,24.53,High Risk
HR,36.42,49.9,16.25,96.24,44.69,35.23,Medium Risk
IT,85.89,62.58,41.64,24.55,74.51,94.55,High Risk
IT,44.27,13.49,10.92,0.64,74.4,98.14,High Risk
R&D,80.58,16.22,97.77,32.78,33.36,68.73,High Risk
R&D,14.41,82.58,99.73,77.51,78.17,39.03,Low Risk
R&D,81.34,59.72,90.93,11.6,30.51,36.07,High Risk
IT,71.5,78.77,96.1,29.54,49.36,2.9,Medium Risk
Sales,43.66,59.38,47.08,36.45,62.41,82.86,Low Risk
Manufacturing,31.75,34.29,70.49,77.79,82.54,20.93,Low Risk
HR,91.0,39.2,42.99,98.48,11.31,70.56,High Risk
Finance,86.52,15.08,71.45,46.97,85.29,90.75,High Risk
HR,15.79,75.69,92.15,62.13,60.09,4.5,Low Risk
R&D,87.04,4.64,31.35,92.59,94.97,99.19,High Risk
Finance,25.97,48.79,10.23,87.25,56.05,40.45,Medium Risk
Finance,17.16,40.52,86.62,70.34,8.25,15.99,Low Risk
Finance,19.12,93.4,65.23,9.48,78.81,36.84,Low Risk
HR,32.04,57.0,1.34,46.54,84.38,92.81,Medium Risk
Finance,67.82,22.68,56.02,25.4,57.14,17.17,High Risk
HR,94.71,88.69,33.69,77.67,9.55,74.04,High Risk
Manufacturing,22.21,67.82,46.98,53.01,52.05,5.94,Low Risk
Manufacturing,14.62,60.12,62.39,4.72,37.84,61.29,Low Risk
HR,84.54,42.07,54.83,57.86,31.2,5.38,High Risk
Operations,10.38,83.61,20.02,63.03,57.7,39.96,Low Risk
HR,72.86,2.27,77.67,50.7,34.7,72.69,High Risk
Sales,71.75,31.06,98.3,64.87,60.58,6.99,Medium Risk
Sales,50.23,63.06,51.28,76.3,26.26,70.22,Low Risk
Manufacturing,83.49,76.5,77.08,88.85,8.42,69.72,Medium Risk
Manufacturing,61.63,21.73,99.88,17.47,33.56,17.21,Medium Risk
R&D,51.81,41.89,49.12,92.8,47.83,51.46,Medium Risk
R&D,83.6,23.97,1.29,62.95,84.48,55.29,High Risk
R&D,29.01,74.14,66.95,56.5,86.33,78.42,Low Risk
R&D,69.83,66.22,52.52,46.39,70.96,61.05,Medium Risk
Operations,54.1,12.67,70.19,64.6,34.22,35.63,Medium Risk
IT,96.57,86.02,56.1,40.17,73.68,52.77,Medium Risk
Manufacturing,97.83,5.51,3.43,56.86,20.33,60.43,High Risk
R&D,22.43,44.06,68.87,83.39,49.63,20.62,Low Risk
Sales,62.72,45.45,77.19,55.56,27.94,75.44,Medium Risk
Manufacturing,25.98,56.31,94.83,70.55,29.88,71.09,Low Risk
Finance,35.43,54.27,52.66,24.74,34.79,94.22,Low Risk
HR,82.09,66.74,53.26,13.75,20.46,17.9,High Risk
Manufacturing,62.81,97.34,87.72,2.53,27.37,15.73,Medium Risk
HR,31.2,20.13,62.09,55.62,22.59,67.04,Medium Risk
R&D,18.73,1.94,8.24,36.49,97.5,54.72,Medium Risk
R&D,38.93,71.93,96.62,35.78,99.91,63.84,Low Risk
Sales,77.37,25.22,64.31,51.1,95.64,90.47,Medium Risk
Operations,95.22,88.48,59.04,8.21,16.08,7.69,High Risk
HR,19.72,97.7,21.22,69.09,63.65,63.11,Low Risk
Manufacturing,62.14,62.55,57.04,18.62,72.31,7.32,Medium Risk
Manufacturing,63.21,43.63,25.03,80.74,17.59,93.3,Medium Risk
Sales,42.45,30.52,13.75,91.63,62.75,3.18,Medium Risk
R&D,55.99,8.58,57.38,50.9,8.28,81.59,High Risk
IT,58.73,63.9,96.23,49.38,91.73,35.49,Low Risk
Manufacturing,87.17,23.58,70.75,8.86,98.61,95.39,High Risk
Manufacturing,57.15,59.78,27.5,67.45,69.86,52.51,Medium Risk
Finance,23.3,91.92,11.5,62.92,10.31,14.61,Low Risk
IT,42.7,63.96,52.15,67.45,67.5,14.02,Low Risk
IT,15.16,62.54,65.32,55.67,24.58,81.08,Low Risk
HR,66.91,12.04,65.44,41.77,71.81,5.22,High Risk
IT,59.96,14.49,68.24,12.0,7.36,71.31,High Risk
Manufacturing,30.21,82.47,80.97,85.41,32.61,52.8,Low Risk
IT,79.6,13.7,72.44,9.75,91.33,63.73,High Risk
R&D,53.63,18.14,34.59,72.71,54.09,52.93,High Risk
Finance,27.57,69.04,39.2,18.28,94.38,50.68,Low Risk
Manufacturing,98.32,36.64,94.3,69.49,63.31,23.44,High Risk
Finance,14.66,43.78,1.02,7.1,59.53,72.45,Medium Risk
IT,75.93,94.97,74.32,78.47,70.07,22.47,Low Risk
Manufacturing,42.48,94.93,66.12,78.9,96.87,23.14,Low Risk
Sales,68.03,2.44,57.12,80.87,61.04,29.54,High Risk
HR,75.17,14.6,89.48,10.09,86.35,49.78,High Risk
Finance,55.06,20.02,45.77,84.97,80.1,16.3,Medium Risk
Finance,70.61,85.68,81.98,42.56,4.81,93.12,Low Risk
Finance,42.49,75.95,26.4,83.47,7.61,74.07,Low Risk
HR,96.92,99.58,92.38,87.08,27.89,96.66,Low Risk
Finance,58.09,40.21,10.93,59.06,70.05,40.4,High Risk
R&D,46.54,57.33,2.78,95.79,28.99,14.09,Medium Risk
R&D,87.12,86.32,9.53,15.22,44.79,18.57,High Risk
IT,76.22,5.8,54.97,38.28,46.49,42.48,High Risk
IT,29.83,6.48,11.53,97.79,27.98,30.7,High Risk
Manufacturing,21.44,75.52,92.41,78.98,61.26,81.32,Low Risk
Finance,87.35,79.85,0.17,48.78,26.46,8.62,High Risk
HR,86.16,0.79,73.02,98.82,48.2,37.12,High Risk
HR,82.42,24.03,25.07,60.72,93.99,29.84,High Risk
Operations,43.91,99.33,17.62,7.7,58.98,2.43,Medium Risk
Finance,66.0,65.95,51.04,38.37,57.62,64.34,Medium Risk
Manufacturing,82.31,79.28,66.48,89.42,83.8,13.32,Medium Risk
